1,1,1,1,1,1,10:40:39,14.685982,121.085998,2,1
1,1,1,1,1,1,10:40:41,14.685982,121.085998,2,1
1,1,1,1,1,1,10:40:43,14.685982,121.085998,2,1
1,1,1,1,1,1,10:40:44,14.685982,121.085998,2,1
1,1,1,1,1,1,10:40:45,14.685982,121.085998,2,1
1,1,1,1,1,1,10:40:46,14.685982,121.085998,2,1
1,1,1,1,1,1,10:40:47,14.685982,121.085998,2,1
1,1,1,1,1,1,10:40:48,14.685982,121.085998,2,1
1,1,1,1,1,1,10:40:50,14.685982,121.085998,2,1
1,1,1,1,1,1,10:40:51,14.685982,121.085998,2,1
1,1,1,1,1,1,10:40:52,14.685982,121.085998,2,1
1,1,1,1,1,1,10:40:54,14.685982,121.085998,2,1
1,1,1,1,1,1,10:40:56,14.685982,121.085998,2,1
1,1,1,1,1,1,10:40:57,14.685982,121.085998,2,1
1,1,1,1,1,1,10:40:59,14.685982,121.085998,2,1
1,1,1,1,1,1,10:41:00,14.685982,121.085998,2,1
1,1,1,1,1,1,10:41:01,14.685982,121.085998,2,1
1,1,1,1,1,1,10:41:02,14.685982,121.085998,2,1
1,1,1,1,1,1,10:41:03,14.685982,121.085998,2,1
1,1,1,1,1,1,10:41:04,14.685982,121.085998,2,1
1,1,1,1,1,1,10:41:05,14.685982,121.085998,2,1
1,1,1,1,1,1,10:41:07,14.685982,121.085998,2,1
1,1,1,1,1,1,10:41:09,14.685982,121.085998,2,1
1,1,1,1,1,1,10:41:10,14.685982,121.085998,2,1
1,1,1,1,1,1,10:41:11,14.685982,121.085998,2,1
1,1,1,1,1,1,10:41:12,14.685982,121.085998,2,1
1,1,1,1,1,1,10:41:13,14.685982,121.085998,2,1
1,1,1,1,1,1,10:41:14,14.685982,121.085998,2,1
1,1,1,1,1,1,10:41:15,14.685982,121.085998,2,1
1,1,1,1,1,1,10:41:16,14.685929,121.086029,1,1
1,1,1,1,1,1,10:41:17,14.685919,121.086036,1,1
1,1,1,1,1,1,10:41:18,14.685911,121.086051,1,1
1,1,1,1,1,1,10:41:19,14.685902,121.086067,1,1
1,1,1,1,1,1,10:41:21,14.685887,121.08609,1,1
1,1,1,1,1,1,10:41:22,14.68588,121.086105,1,1
1,1,1,1,1,1,10:41:23,14.685875,121.086112,1,1
1,1,1,1,1,1,10:41:25,14.685871,121.086128,1,1
1,1,1,1,1,1,10:41:26,14.685871,121.086128,1,1
1,1,1,1,1,1,10:41:27,14.685871,121.086128,2,1
1,1,1,1,1,1,10:41:28,14.685877,121.086174,1,1
1,1,1,1,1,1,10:41:30,14.685891,121.086181,1,1
1,1,1,1,1,1,10:41:31,14.685907,121.086189,1,1
1,1,1,1,1,1,10:41:33,14.685935,121.086189,1,1
1,1,1,1,1,1,10:41:34,14.685954,121.086196,1,1
1,1,1,1,1,1,10:41:35,14.685976,121.086204,1,1
1,1,1,1,1,1,10:41:36,14.685998,121.086212,1,1
1,1,1,1,1,1,10:41:37,14.686024,121.086227,1,1
1,1,1,1,1,1,10:41:38,14.686047,121.086242,1,1
1,1,1,1,1,1,10:41:39,14.686072,121.086257,1,1
1,1,1,1,1,1,10:41:40,14.686099,121.086273,1,1
1,1,1,1,1,1,10:41:42,14.686159,121.086288,1,1
1,1,1,1,1,1,10:41:43,14.686183,121.086303,1,1
1,1,1,1,1,1,10:41:45,14.686234,121.086326,1,1
1,1,1,1,1,1,10:41:46,14.686255,121.086326,1,1
1,1,1,1,1,1,10:41:47,14.686272,121.086326,1,1
1,1,1,1,1,1,10:41:49,14.686303,121.086318,1,1
1,1,1,1,1,1,10:41:50,14.686312,121.086303,1,1
1,1,1,1,1,1,10:41:52,14.686335,121.086235,1,1
1,1,1,1,1,1,10:41:53,14.686348,121.086196,1,1
1,1,1,1,1,1,10:41:55,14.686375,121.086112,1,1
1,1,1,1,1,1,10:41:56,14.686388,121.086059,1,1
1,1,1,1,1,1,10:41:57,14.686401,121.086013,1,1
1,1,1,1,1,1,10:41:58,14.68641,121.085968,1,1
1,1,1,1,1,1,10:41:59,14.686419,121.085929,1,1
1,1,1,1,1,1,10:42:00,14.686424,121.085899,1,1
1,1,1,1,1,1,10:42:01,14.686434,121.085868,1,1
1,1,1,1,1,1,10:42:02,14.68644,121.085838,1,1
1,1,1,1,1,1,10:42:03,14.686442,121.085807,1,1
1,1,1,1,1,1,10:42:04,14.686448,121.085777,1,1
1,1,1,1,1,1,10:42:05,14.686452,121.085739,1,1
1,1,1,1,1,1,10:42:06,14.686457,121.085708,1,1
1,1,1,1,1,1,10:42:07,14.686464,121.08567,1,1
1,1,1,1,1,1,10:42:08,14.686466,121.085624,1,1
1,1,1,1,1,1,10:42:10,14.686472,121.08554,1,1
1,1,1,1,1,1,10:42:11,14.686475,121.085502,1,1
1,1,1,1,1,1,10:42:12,14.686477,121.085456,1,1
1,1,1,1,1,1,10:42:13,14.686477,121.085411,1,1
1,1,1,1,1,1,10:42:14,14.686479,121.085365,1,1
1,1,1,1,1,1,10:42:15,14.686479,121.085327,1,1
1,1,1,1,1,1,10:42:16,14.68648,121.085281,1,1
1,1,1,1,1,1,10:42:17,14.686482,121.085243,1,1
1,1,1,1,1,1,10:42:18,14.686479,121.085205,1,1
1,1,1,1,1,1,10:42:19,14.686479,121.085166,1,1
1,1,1,1,1,1,10:42:20,14.68648,121.085113,1,1
1,1,1,1,1,1,10:42:21,14.686484,121.085067,1,1
1,1,1,1,1,1,10:42:22,14.686486,121.085021,1,1
1,1,1,1,1,1,10:42:24,14.686487,121.08493,1,1
1,1,1,1,1,1,10:42:25,14.686491,121.084884,1,1
1,1,1,1,1,1,10:42:26,14.686497,121.084831,1,1
1,1,1,1,1,1,10:42:27,14.686502,121.084785,1,1
1,1,1,1,1,1,10:42:28,14.686507,121.084739,1,1
1,1,1,1,1,1,10:42:29,14.686511,121.084686,1,1
1,1,1,1,1,1,10:42:30,14.686517,121.08464,1,1
1,1,1,1,1,1,10:42:31,14.686522,121.084594,1,1
1,1,1,1,1,1,10:42:32,14.686529,121.084556,1,1
1,1,1,1,1,1,10:42:34,14.686544,121.084472,1,1
1,1,1,1,1,1,10:42:35,14.68654,121.084442,1,1
1,1,1,1,1,1,10:42:36,14.686546,121.084403,1,1
1,1,1,1,1,1,10:42:37,14.686546,121.084381,1,1
1,1,1,1,1,1,10:42:38,14.686551,121.084358,1,1
1,1,1,1,1,1,10:42:40,14.686571,121.084312,1,1
1,1,1,1,1,1,10:42:41,14.686589,121.084289,1,1
1,1,1,1,1,1,10:42:42,14.686619,121.084266,1,1
1,1,1,1,1,1,10:42:43,14.686647,121.084251,1,1
1,1,1,1,1,1,10:42:44,14.68668,121.084251,1,1
1,1,1,1,1,1,10:42:45,14.686712,121.084266,1,1
1,1,1,1,1,1,10:42:46,14.686744,121.084281,1,1
1,1,1,1,1,1,10:42:47,14.686779,121.084297,1,1
1,1,1,1,1,1,10:42:48,14.686814,121.084312,1,1
1,1,1,1,1,1,10:42:49,14.686852,121.084327,1,1
1,1,1,1,1,1,10:42:51,14.686934,121.08435,1,1
1,1,1,1,1,1,10:42:52,14.686979,121.084358,1,1
1,1,1,1,1,1,10:42:53,14.687024,121.084373,1,1
0,0,0,0,0,0,10:42:53,14.687024,121.084373,0,0
0,0,0,0,0,0,10:42:53,14.687024,121.084373,0,0
0,0,0,0,0,0,10:42:53,14.687024,121.084373,0,0
0,0,0,0,0,0,10:42:53,14.687024,121.084373,0,0
0,0,0,0,0,0,10:42:53,14.687024,121.084373,0,0
1,1,1,1,1,1,10:43:13,14.68804,121.084449,1,1
1,1,1,1,1,1,10:43:14,14.688069,121.084449,1,1
1,1,1,1,1,1,10:43:16,14.688122,121.084442,1,1
1,1,1,1,1,1,10:43:17,14.688156,121.084434,1,1
1,1,1,1,1,1,10:43:18,14.688194,121.084434,1,1
1,1,1,1,1,1,10:43:19,14.688232,121.084434,1,1
1,1,1,1,1,1,10:43:20,14.688272,121.084426,1,1
1,1,1,1,1,1,10:43:22,14.688356,121.084411,1,1
1,1,1,1,1,1,10:43:23,14.68839,121.084403,1,1
1,1,1,1,1,1,10:43:24,14.688422,121.084388,1,1
1,1,1,1,1,1,10:43:25,14.688452,121.084381,1,1
1,1,1,1,1,1,10:43:27,14.688506,121.084365,1,1
1,1,1,1,1,1,10:43:28,14.688539,121.08435,1,1
1,1,1,1,1,1,10:43:29,14.688577,121.084342,1,1
1,1,1,1,1,1,10:43:30,14.688619,121.084327,1,1
1,1,1,1,1,1,10:43:31,14.688677,121.084304,1,1
1,1,1,1,1,1,10:43:32,14.688729,121.084281,1,1
1,1,1,1,1,1,10:43:33,14.688776,121.084259,1,1
1,1,1,1,1,1,10:43:34,14.688827,121.084236,1,1
1,1,1,1,1,1,10:43:35,14.688879,121.084213,1,1
1,1,1,1,1,1,10:43:36,14.688927,121.08419,1,1
1,1,1,1,1,1,10:43:37,14.688976,121.084159,1,1
1,1,1,1,1,1,10:43:38,14.689025,121.084136,1,1
1,1,1,1,1,1,10:43:40,14.689114,121.084083,1,1
1,1,1,1,1,1,10:43:41,14.689154,121.084068,1,1
1,1,1,1,1,1,10:43:42,14.689192,121.084045,1,1
1,1,1,1,1,1,10:43:43,14.689228,121.084014,1,1
1,1,1,1,1,1,10:43:45,14.689309,121.083961,1,1
1,1,1,1,1,1,10:43:46,14.689346,121.08393,1,1
1,1,1,1,1,1,10:43:47,14.689384,121.0839,1,1
1,1,1,1,1,1,10:43:48,14.68942,121.083862,1,1
1,1,1,1,1,1,10:43:49,14.689452,121.083847,1,1
1,1,1,1,1,1,10:43:50,14.68948,121.083824,1,1
1,1,1,1,1,1,10:43:52,14.689531,121.08377,1,1
1,1,1,1,1,1,10:43:53,14.68956,121.08374,1,1
1,1,1,1,1,1,10:43:54,14.689585,121.083709,1,1
1,1,1,1,1,1,10:43:55,14.689609,121.083686,1,1
1,1,1,1,1,1,10:43:57,14.689661,121.083641,1,1
1,1,1,1,1,1,10:43:58,14.689689,121.08361,1,1
1,1,1,1,1,1,10:43:59,14.689717,121.08358,1,1
1,1,1,1,1,1,10:44:00,14.689749,121.083541,1,1
1,1,1,1,1,1,10:44:01,14.689776,121.083511,1,1
1,1,1,1,1,1,10:44:02,14.689799,121.083473,1,1
1,1,1,1,1,1,10:44:03,14.689819,121.083435,1,1
1,1,1,1,1,1,10:44:04,14.689837,121.083404,1,1
1,1,1,1,1,1,10:44:05,14.689847,121.083381,1,1
1,1,1,1,1,1,10:44:07,14.689866,121.08332,1,1
1,1,1,1,1,1,10:44:09,14.689886,121.083274,1,1
1,1,1,1,1,1,10:44:10,14.689901,121.083259,1,1
1,1,1,1,1,1,10:44:11,14.689926,121.083251,1,1
1,1,1,1,1,1,10:44:12,14.689953,121.083259,1,1
1,1,1,1,1,1,10:44:13,14.689984,121.083267,1,1
1,1,1,1,1,1,10:44:14,14.690012,121.083274,1,1
1,1,1,1,1,1,10:44:15,14.690046,121.083282,1,1
1,1,1,1,1,1,10:44:16,14.690082,121.08329,1,1
1,1,1,1,1,1,10:44:17,14.690115,121.083305,1,1
1,1,1,1,1,1,10:44:19,14.690189,121.083335,1,1
1,1,1,1,1,1,10:44:21,14.690258,121.083358,1,1
1,1,1,1,1,1,10:44:22,14.690287,121.083366,1,1
1,1,1,1,1,1,10:44:23,14.690318,121.083374,1,1
1,1,1,1,1,1,10:44:24,14.690347,121.083374,1,1
1,1,1,1,1,1,10:44:25,14.690372,121.083358,1,1
1,1,1,1,1,1,10:44:26,14.69039,121.083328,1,1
1,1,1,1,1,1,10:44:27,14.690405,121.083297,1,1
1,1,1,1,1,1,10:44:28,14.690421,121.083251,1,1
1,1,1,1,1,1,10:44:29,14.690432,121.083206,1,1
1,1,1,1,1,1,10:44:30,14.690443,121.08316,1,1
1,1,1,1,1,1,10:44:31,14.690455,121.083106,1,1
1,1,1,1,1,1,10:44:32,14.690469,121.083053,1,1
1,1,1,1,1,1,10:44:34,14.690489,121.082954,1,1
1,1,1,1,1,1,10:44:35,14.690505,121.082901,1,1
1,1,1,1,1,1,10:44:36,14.690526,121.082855,1,1
1,1,1,1,1,1,10:44:37,14.690544,121.082809,1,1
1,1,1,1,1,1,10:44:38,14.690561,121.082763,1,1
1,1,1,1,1,1,10:44:39,14.690567,121.082717,1,1
1,1,1,1,1,1,10:44:40,14.690581,121.082672,1,1
1,1,1,1,1,1,10:44:41,14.690597,121.082626,1,1
1,1,1,1,1,1,10:44:42,14.690604,121.082588,1,1
1,1,1,1,1,1,10:44:43,14.690619,121.08255,1,1
1,1,1,1,1,1,10:44:44,14.690628,121.082519,1,1
1,1,1,1,1,1,10:44:45,14.690635,121.082481,1,1
1,1,1,1,1,1,10:44:46,14.690644,121.08245,1,1
1,1,1,1,1,1,10:44:47,14.690653,121.08242,1,1
1,1,1,1,1,1,10:44:49,14.690664,121.082374,1,1
1,1,1,1,1,1,10:44:50,14.690669,121.082359,1,1
1,1,1,1,1,1,10:44:51,14.69068,121.082328,1,1
1,1,1,1,1,1,10:44:52,14.690692,121.082298,1,1
1,1,1,1,1,1,10:44:53,14.690704,121.082252,1,1
1,1,1,1,1,1,10:44:54,14.690715,121.082214,1,1
1,1,1,1,1,1,10:44:55,14.690731,121.082168,1,1
1,1,1,1,1,1,10:44:57,14.690755,121.082069,1,1
1,1,1,1,1,1,10:44:58,14.690773,121.082023,1,1
1,1,1,1,1,1,10:44:59,14.690787,121.08197,1,1
1,1,1,1,1,1,10:45:00,14.690802,121.081916,1,1
1,1,1,1,1,1,10:45:01,14.690814,121.081871,1,1
1,1,1,1,1,1,10:45:03,14.690847,121.081779,1,1
1,1,1,1,1,1,10:45:04,14.690858,121.081741,1,1
1,1,1,1,1,1,10:45:05,14.690869,121.08171,1,1
1,1,1,1,1,1,10:45:06,14.690884,121.081665,1,1
1,1,1,1,1,1,10:45:07,14.690896,121.081626,1,1
1,1,1,1,1,1,10:45:08,14.690904,121.081596,1,1
1,1,1,1,1,1,10:45:09,14.690912,121.081558,1,1
1,1,1,1,1,1,10:45:10,14.69092,121.08152,1,1
1,1,1,1,1,1,10:45:11,14.690927,121.081481,1,1
1,1,1,1,1,1,10:45:12,14.690934,121.081451,1,1
1,1,1,1,1,1,10:45:13,14.690938,121.081405,1,1
1,1,1,1,1,1,10:45:14,14.690951,121.081367,1,1
1,1,1,1,1,1,10:45:16,14.690978,121.081291,1,1
1,1,1,1,1,1,10:45:17,14.690992,121.081253,1,1
1,1,1,1,1,1,10:45:18,14.691005,121.081222,1,1
1,1,1,1,1,1,10:45:19,14.691017,121.081192,1,1
1,1,1,1,1,1,10:45:21,14.69104,121.081138,1,1
1,1,1,1,1,1,10:45:22,14.691049,121.081115,1,1
1,1,1,1,1,1,10:45:23,14.691056,121.0811,1,1
1,1,1,1,1,1,10:45:24,14.691062,121.081069,1,1
1,1,1,1,1,1,10:45:25,14.691067,121.081039,1,1
1,1,1,1,1,1,10:45:27,14.691083,121.080955,1,1
1,1,1,1,1,1,10:45:28,14.691097,121.080909,1,1
1,1,1,1,1,1,10:45:29,14.69111,121.080856,1,1
1,1,1,1,1,1,10:45:30,14.691125,121.08081,1,1
1,1,1,1,1,1,10:45:31,14.691137,121.080764,1,1
1,1,1,1,1,1,10:45:32,14.691147,121.080711,1,1
1,1,1,1,1,1,10:45:33,14.691163,121.080657,1,1
1,1,1,1,1,1,10:45:34,14.691179,121.080612,1,1
1,1,1,1,1,1,10:45:35,14.691195,121.080558,1,1
1,1,1,1,1,1,10:45:36,14.69121,121.080513,1,1
1,1,1,1,1,1,10:45:37,14.691227,121.080467,1,1
1,1,1,1,1,1,10:45:38,14.691242,121.080413,1,1
1,1,1,1,1,1,10:45:39,14.691252,121.080368,1,1
1,1,1,1,1,1,10:45:41,14.691286,121.080276,1,1
1,1,1,1,1,1,10:45:42,14.691301,121.08023,1,1
1,1,1,1,1,1,10:45:43,14.691315,121.080184,1,1
1,1,1,1,1,1,10:45:45,14.691346,121.080085,1,1
1,1,1,1,1,1,10:45:46,14.691359,121.080039,1,1
1,1,1,1,1,1,10:45:47,14.691375,121.079986,1,1
1,1,1,1,1,1,10:45:48,14.691392,121.07994,1,1
1,1,1,1,1,1,10:45:49,14.691406,121.079887,1,1
1,1,1,1,1,1,10:45:51,14.691433,121.079788,1,1
1,1,1,1,1,1,10:45:52,14.691447,121.079742,1,1
1,1,1,1,1,1,10:45:53,14.691466,121.079696,1,1
1,1,1,1,1,1,10:45:54,14.691484,121.07965,1,1
1,1,1,1,1,1,10:45:56,14.691514,121.079551,1,1
1,1,1,1,1,1,10:45:57,14.691529,121.079498,1,1
1,1,1,1,1,1,10:45:58,14.691546,121.079467,1,1
1,1,1,1,1,1,10:45:59,14.69156,121.079421,1,1
1,1,1,1,1,1,10:46:00,14.691584,121.079376,1,1
1,1,1,1,1,1,10:46:01,14.691597,121.07933,1,1
1,1,1,1,1,1,10:46:02,14.691607,121.079284,1,1
1,1,1,1,1,1,10:46:04,14.691634,121.079193,1,1
1,1,1,1,1,1,10:46:05,14.691645,121.079154,1,1
1,1,1,1,1,1,10:46:06,14.691654,121.079116,1,1
1,1,1,1,1,1,10:46:07,14.69166,121.079078,1,1
1,1,1,1,1,1,10:46:08,14.691674,121.079032,1,1
1,1,1,1,1,1,10:46:09,14.691687,121.078994,1,1
1,1,1,1,1,1,10:46:10,14.6917,121.078948,1,1
1,1,1,1,1,1,10:46:11,14.691712,121.078903,1,1
1,1,1,1,1,1,10:46:12,14.691722,121.078872,1,1
1,1,1,1,1,1,10:46:13,14.691732,121.078834,1,1
1,1,1,1,1,1,10:46:14,14.691742,121.078811,1,1
1,1,1,1,1,1,10:46:16,14.691785,121.07875,1,1
1,1,1,1,1,1,10:46:17,14.691817,121.07872,1,1
1,1,1,1,1,1,10:46:18,14.69185,121.078697,1,1
1,1,1,1,1,1,10:46:19,14.691885,121.078666,1,1
1,1,1,1,1,1,10:46:20,14.691924,121.078636,1,1
1,1,1,1,1,1,10:46:22,14.691997,121.078575,1,1
1,1,1,1,1,1,10:46:23,14.692034,121.078544,1,1
1,1,1,1,1,1,10:46:24,14.69207,121.078506,1,1
1,1,1,1,1,1,10:46:25,14.692112,121.078475,1,1
1,1,1,1,1,1,10:46:27,14.692197,121.078407,1,1
1,1,1,1,1,1,10:46:28,14.692238,121.078376,1,1
1,1,1,1,1,1,10:46:29,14.692284,121.078338,1,1
1,1,1,1,1,1,10:46:30,14.692318,121.0783,1,1
1,1,1,1,1,1,10:46:31,14.692358,121.078262,1,1
1,1,1,1,1,1,10:46:32,14.692391,121.078231,1,1
1,1,1,1,1,1,10:46:33,14.692422,121.078208,1,1
1,1,1,1,1,1,10:46:34,14.692454,121.078193,1,1
1,1,1,1,1,1,10:46:35,14.692481,121.07817,1,1
1,1,1,1,1,1,10:46:36,14.692507,121.078147,1,1
1,1,1,1,1,1,10:46:37,14.692534,121.078125,1,1
1,1,1,1,1,1,10:46:38,14.692564,121.078094,1,1
1,1,1,1,1,1,10:46:39,14.692595,121.078063,1,1
1,1,1,1,1,1,10:46:40,14.692632,121.078025,1,1
1,1,1,1,1,1,10:46:41,14.692666,121.077987,1,1
1,1,1,1,1,1,10:46:42,14.692697,121.077949,1,1
1,1,1,1,1,1,10:46:43,14.692726,121.077903,1,1
1,1,1,1,1,1,10:46:44,14.69275,121.077857,1,1
1,1,1,1,1,1,10:46:46,14.692799,121.077781,1,1
1,1,1,1,1,1,10:46:47,14.692813,121.077735,1,1
1,1,1,1,1,1,10:46:48,14.692827,121.077697,1,1
1,1,1,1,1,1,10:46:49,14.692839,121.077651,1,1
1,1,1,1,1,1,10:46:50,14.692851,121.077598,1,1
1,1,1,1,1,1,10:46:51,14.692866,121.07756,1,1
1,1,1,1,1,1,10:46:53,14.692904,121.077461,1,1
1,1,1,1,1,1,10:46:54,14.692929,121.077415,1,1
1,1,1,1,1,1,10:46:55,14.692951,121.077362,1,1
1,1,1,1,1,1,10:46:56,14.692974,121.077308,1,1
1,1,1,1,1,1,10:46:57,14.692997,121.077255,1,1
1,1,1,1,1,1,10:46:58,14.693017,121.077209,1,1
1,1,1,1,1,1,10:46:59,14.693031,121.077156,1,1
1,1,1,1,1,1,10:47:00,14.693044,121.077102,1,1
1,1,1,1,1,1,10:47:01,14.693047,121.077056,1,1
1,1,1,1,1,1,10:47:02,14.693051,121.077003,1,1
1,1,1,1,1,1,10:47:03,14.693052,121.076957,1,1
1,1,1,1,1,1,10:47:04,14.693051,121.076911,1,1
1,1,1,1,1,1,10:47:05,14.693051,121.076866,1,1
1,1,1,1,1,1,10:47:07,14.693049,121.076774,1,1
1,1,1,1,1,1,10:47:08,14.693047,121.076736,1,1
1,1,1,1,1,1,10:47:09,14.693044,121.07669,1,1
1,1,1,1,1,1,10:47:10,14.693042,121.076652,1,1
1,1,1,1,1,1,10:47:11,14.69304,121.076606,1,1
1,1,1,1,1,1,10:47:13,14.693038,121.076515,1,1
1,1,1,1,1,1,10:47:14,14.69304,121.076461,1,1
1,1,1,1,1,1,10:47:15,14.693042,121.076408,1,1
1,1,1,1,1,1,10:47:16,14.693049,121.076354,1,1
1,1,1,1,1,1,10:47:17,14.693049,121.076301,1,1
1,1,1,1,1,1,10:47:18,14.693049,121.076255,1,1
1,1,1,1,1,1,10:47:19,14.693049,121.07621,1,1
1,1,1,1,1,1,10:47:20,14.693049,121.076171,1,1
1,1,1,1,1,1,10:47:21,14.693047,121.076126,1,1
1,1,1,1,1,1,10:47:22,14.693045,121.07608,1,1
1,1,1,1,1,1,10:47:23,14.693042,121.076034,1,1
1,1,1,1,1,1,10:47:24,14.693042,121.075988,1,1
1,1,1,1,1,1,10:47:25,14.693042,121.075942,1,1
1,1,1,1,1,1,10:47:26,14.693042,121.075889,1,1
1,1,1,1,1,1,10:47:27,14.693042,121.075843,1,1
1,1,1,1,1,1,10:47:28,14.693044,121.075798,1,1
1,1,1,1,1,1,10:47:29,14.693042,121.075752,1,1
1,1,1,1,1,1,10:47:30,14.693037,121.075698,1,1
1,1,1,1,1,1,10:47:31,14.693036,121.075653,1,1
1,1,1,1,1,1,10:47:32,14.693034,121.075607,1,1
1,1,1,1,1,1,10:47:33,14.693036,121.075569,1,1
1,1,1,1,1,1,10:47:34,14.693037,121.075523,1,1
1,1,1,1,1,1,10:47:35,14.693037,121.075477,1,1
1,1,1,1,1,1,10:47:36,14.693036,121.075431,1,1
1,1,1,1,1,1,10:47:38,14.693034,121.075355,1,1
1,1,1,1,1,1,10:47:39,14.693036,121.075325,1,1
1,1,1,1,1,1,10:47:40,14.693036,121.075248,1,1
1,1,1,1,1,1,10:47:41,14.693036,121.075202,1,1
1,1,1,1,1,1,10:47:43,14.693034,121.075157,1,1
1,1,1,1,1,1,10:47:45,14.693036,121.075057,1,1
1,1,1,1,1,1,10:47:46,14.69304,121.075004,1,1
1,1,1,1,1,1,10:47:48,14.693037,121.074905,1,1
1,1,1,1,1,1,10:47:49,14.693034,121.074851,1,1
1,1,1,1,1,1,10:47:51,14.693029,121.074752,1,1
1,1,1,1,1,1,10:47:52,14.693027,121.074699,1,1
1,1,1,1,1,1,10:47:53,14.693022,121.074653,1,1
1,1,1,1,1,1,10:47:54,14.693022,121.074607,1,1
1,1,1,1,1,1,10:47:55,14.693024,121.074554,1,1
1,1,1,1,1,1,10:47:57,14.69302,121.074462,1,1
1,1,1,1,1,1,10:47:58,14.693022,121.074417,1,1
1,1,1,1,1,1,10:48:00,14.693025,121.074317,1,1
1,1,1,1,1,1,10:48:01,14.693027,121.074272,1,1
1,1,1,1,1,1,10:48:03,14.693025,121.074195,1,1
1,1,1,1,1,1,10:48:04,14.693025,121.074157,1,1
1,1,1,1,1,1,10:48:05,14.693025,121.074127,1,1
1,1,1,1,1,1,10:48:06,14.693025,121.074096,1,1
1,1,1,1,1,1,10:48:07,14.693025,121.074066,1,1
1,1,1,1,1,1,10:48:09,14.693025,121.074043,1,1
1,1,1,1,1,1,10:48:11,14.693027,121.074005,1,1
1,1,1,1,1,1,10:48:13,14.693027,121.073936,1,1
1,1,1,1,1,1,10:48:15,14.693031,121.073844,1,1
1,1,1,1,1,1,10:48:17,14.69304,121.07376,1,1
1,1,1,1,1,1,10:48:18,14.693044,121.073722,1,1
1,1,1,1,1,1,10:48:20,14.693037,121.073661,1,1
1,1,1,1,1,1,10:48:21,14.69304,121.073631,1,1
1,1,1,1,1,1,10:48:23,14.693044,121.073562,1,1
1,1,1,1,1,1,10:48:24,14.693047,121.073524,1,1
1,1,1,1,1,1,10:48:25,14.693049,121.073486,1,1
1,1,1,1,1,1,10:48:26,14.693049,121.073448,1,1
1,1,1,1,1,1,10:48:28,14.693051,121.073364,1,1
1,1,1,1,1,1,10:48:29,14.693047,121.073318,1,1
1,1,1,1,1,1,10:48:31,14.693044,121.073234,1,1
1,1,1,1,1,1,10:48:33,14.69304,121.073143,1,1
1,1,1,1,1,1,10:48:34,14.693045,121.073097,1,1
1,1,1,1,1,1,10:48:35,14.693047,121.073051,1,1
1,1,1,1,1,1,10:48:36,14.693049,121.073005,1,1
1,1,1,1,1,1,10:48:38,14.693062,121.072914,1,1
1,1,1,1,1,1,10:48:40,14.693058,121.072814,1,1
1,1,1,1,1,1,10:48:41,14.693058,121.072769,1,1
1,1,1,1,1,1,10:48:43,14.693054,121.072662,1,1
1,1,1,1,1,1,10:48:44,14.693051,121.072616,1,1
1,1,1,1,1,1,10:48:46,14.693038,121.072509,1,1
1,1,1,1,1,1,10:48:47,14.693042,121.072471,1,1
1,1,1,1,1,1,10:48:48,14.693045,121.072433,1,1
1,1,1,1,1,1,10:48:49,14.693049,121.072395,1,1
1,1,1,1,1,1,10:48:51,14.693067,121.072326,1,1
1,1,1,1,1,1,10:48:52,14.693078,121.072288,1,1
1,1,1,1,1,1,10:48:53,14.693087,121.07225,1,1
1,1,1,1,1,1,10:48:54,14.693097,121.072212,1,1
1,1,1,1,1,1,10:48:55,14.693102,121.072174,1,1
1,1,1,1,1,1,10:48:57,14.693109,121.07209,1,1
1,1,1,1,1,1,10:48:59,14.69311,121.07199,1,1
1,1,1,1,1,1,10:49:00,14.693109,121.071937,1,1
1,1,1,1,1,1,10:49:01,14.693112,121.071876,1,1
1,1,1,1,1,1,10:49:03,14.69312,121.071762,1,1
1,1,1,1,1,1,10:49:04,14.693122,121.071708,1,1
1,1,1,1,1,1,10:49:06,14.693123,121.071601,1,1
1,1,1,1,1,1,10:49:07,14.693127,121.071556,1,1
1,1,1,1,1,1,10:49:09,14.693136,121.071456,1,1
1,1,1,1,1,1,10:49:10,14.69314,121.071418,1,1
1,1,1,1,1,1,10:49:12,14.693154,121.071334,1,1
1,1,1,1,1,1,10:49:13,14.693157,121.071296,1,1
1,1,1,1,1,1,10:49:15,14.693152,121.071205,1,1
1,1,1,1,1,1,10:49:16,14.693156,121.071166,1,1
1,1,1,1,1,1,10:49:18,14.693157,121.071083,1,1
1,1,1,1,1,1,10:49:19,14.693162,121.071044,1,1
1,1,1,1,1,1,10:49:21,14.693172,121.07096,1,1
1,1,1,1,1,1,10:49:22,14.693177,121.070922,1,1
1,1,1,1,1,1,10:49:24,14.693174,121.070846,1,1
1,1,1,1,1,1,10:49:26,14.69317,121.070785,1,1
1,1,1,1,1,1,10:49:27,14.693172,121.070755,1,1
1,1,1,1,1,1,10:49:28,14.693176,121.070732,1,1
1,1,1,1,1,1,10:49:30,14.693185,121.070686,1,1
1,1,1,1,1,1,10:49:31,14.693187,121.070671,1,1
1,1,1,1,1,1,10:49:33,14.693189,121.070655,1,1
1,1,1,1,1,1,10:49:34,14.693189,121.070655,1,1
1,1,1,0,1,1,10:49:35,14.693189,121.070655,2,1
1,1,1,0,1,1,10:49:37,14.693189,121.070655,2,1
1,1,1,0,1,1,10:49:38,14.693189,121.070655,2,1
1,1,1,0,1,1,10:49:39,14.693189,121.070655,2,1
1,1,1,0,1,1,10:49:40,14.693189,121.070655,2,1
1,1,1,0,1,1,10:49:42,14.693189,121.07064,1,1
1,1,1,0,1,1,10:49:43,14.693185,121.070625,1,1
1,1,1,0,1,1,10:49:45,14.693183,121.070594,1,1
1,1,1,0,1,1,10:49:46,14.693182,121.070564,1,1
1,1,1,0,1,1,10:49:47,14.693185,121.070533,1,1
1,1,1,0,1,1,10:49:48,14.69319,121.070503,1,1
1,1,1,0,1,1,10:49:49,14.693196,121.07048,1,1
1,1,1,0,1,1,10:49:51,14.693205,121.070434,1,1
1,1,1,0,1,1,10:49:52,14.693207,121.070419,1,1
1,1,1,0,1,1,10:49:54,14.693212,121.070373,1,1
1,1,1,0,1,1,10:49:55,14.693214,121.070343,1,1
1,1,1,0,1,1,10:49:57,14.693222,121.070312,1,1
1,1,1,0,1,1,10:49:59,14.693229,121.070289,1,1
1,1,1,0,1,1,10:50:00,14.693229,121.070281,1,1
1,1,1,0,1,1,10:50:01,14.693217,121.070274,1,1
1,1,1,0,1,1,10:50:03,14.693176,121.070266,1,1
1,1,1,0,1,1,10:50:04,14.693147,121.070266,1,1
1,1,1,0,1,1,10:50:06,14.69308,121.070243,1,1
1,1,1,0,1,1,10:50:07,14.693045,121.070236,1,1
1,1,1,0,1,1,10:50:09,14.692967,121.070213,1,1
1,1,1,0,1,1,10:50:10,14.692925,121.070198,1,1
1,1,1,0,1,1,10:50:12,14.69284,121.070167,1,1
1,1,1,0,1,1,10:50:13,14.692799,121.070152,1,1
1,1,1,0,1,1,10:50:15,14.692714,121.070129,1,1
1,1,1,0,1,1,10:50:16,14.692668,121.070129,1,1
1,1,1,0,1,1,10:50:17,14.69263,121.070137,1,1
1,1,1,0,1,1,10:50:18,14.692603,121.070137,1,1
1,1,1,0,1,1,10:50:19,14.69257,121.070137,1,1
1,1,1,0,1,1,10:50:21,14.692525,121.070129,1,1
1,1,1,0,1,1,10:50:22,14.692512,121.070121,1,1
1,1,1,0,1,1,10:50:24,14.692512,121.070121,1,1
1,1,1,0,1,1,10:50:25,14.692512,121.070121,2,1
1,1,1,0,1,1,10:50:27,14.692512,121.070121,2,1
1,1,1,0,1,1,10:50:28,14.692512,121.070121,2,1
1,1,1,0,1,1,10:50:29,14.692512,121.070121,2,1
1,1,1,0,1,1,10:50:30,14.692512,121.070121,2,1
1,1,1,0,1,1,10:50:32,14.692512,121.070121,2,1
1,1,1,0,1,1,10:50:33,14.692512,121.070121,2,1
1,1,1,0,1,1,10:50:34,14.692512,121.070121,2,1
1,1,1,0,1,1,10:50:36,14.692512,121.070121,2,1
1,1,1,0,1,1,10:50:37,14.692462,121.070121,1,1
1,1,1,0,1,1,10:50:38,14.69245,121.070121,1,1
1,1,1,0,1,1,10:50:40,14.692419,121.070129,1,1
1,1,1,0,1,1,10:50:41,14.692396,121.070129,1,1
1,1,1,0,1,1,10:50:42,14.692367,121.070137,1,1
1,1,1,0,1,1,10:50:43,14.692336,121.070144,1,1
1,1,1,0,1,1,10:50:45,14.692264,121.070159,1,1
1,1,1,0,1,1,10:50:46,14.692222,121.070159,1,1
1,1,1,0,1,1,10:50:48,14.692131,121.070167,1,1
1,1,1,0,1,1,10:50:49,14.692082,121.070167,1,1
1,1,1,0,1,1,10:50:51,14.691984,121.070167,1,1
1,1,1,0,1,1,10:50:52,14.691934,121.070167,1,1
1,1,1,0,1,1,10:50:54,14.691832,121.070159,1,1
1,1,1,0,1,1,10:50:55,14.691783,121.070152,1,1
1,1,1,0,1,1,10:50:57,14.691685,121.070152,1,1
1,1,1,0,1,1,10:50:58,14.691638,121.070152,1,1
1,1,1,0,1,1,10:51:00,14.69154,121.070159,1,1
1,1,1,0,1,1,10:51:01,14.691495,121.070159,1,1
1,1,1,0,1,1,10:51:02,14.691453,121.070152,1,1
1,1,1,0,1,1,10:51:04,14.691367,121.070152,1,1
1,1,1,0,1,1,10:51:05,14.691319,121.070152,1,1
1,1,1,0,1,1,10:51:06,14.691277,121.070152,1,1
1,1,1,0,1,1,10:51:07,14.691232,121.070152,1,1
1,1,1,0,1,1,10:51:09,14.691149,121.070152,1,1
1,1,1,0,1,1,10:51:11,14.691077,121.070159,1,1
1,1,1,0,1,1,10:51:12,14.691039,121.070159,1,1
1,1,1,0,1,1,10:51:13,14.690996,121.070159,1,1
1,1,1,0,1,1,10:51:15,14.690902,121.070175,1,1
1,1,1,0,1,1,10:51:16,14.690855,121.070175,1,1
1,1,1,0,1,1,10:51:17,14.690807,121.070167,1,1
1,1,1,0,1,1,10:51:18,14.690759,121.070167,1,1
1,1,1,0,1,1,10:51:19,14.690709,121.070167,1,1
1,1,1,0,1,1,10:51:21,14.690617,121.070175,1,1
1,1,1,0,1,1,10:51:22,14.69057,121.070175,1,1
1,1,1,0,1,1,10:51:23,14.690522,121.070175,1,1
1,1,1,0,1,1,10:51:25,14.690427,121.070175,1,1
1,1,1,0,1,1,10:51:27,14.690337,121.070182,1,1
1,1,1,0,1,1,10:51:28,14.690299,121.070182,1,1
1,1,1,0,1,1,10:51:29,14.690256,121.07019,1,1
1,1,1,0,1,1,10:51:30,14.690212,121.07019,1,1
1,1,1,0,1,1,10:51:32,14.690125,121.07019,1,1
1,1,1,0,1,1,10:51:33,14.690075,121.07019,1,1
1,1,1,0,1,1,10:51:34,14.690026,121.07019,1,1
1,1,1,0,1,1,10:51:36,14.68993,121.07019,1,1
1,1,1,0,1,1,10:51:37,14.689884,121.07019,1,1
1,1,1,0,1,1,10:51:39,14.689801,121.07019,1,1
1,1,1,0,1,1,10:51:40,14.689759,121.07019,1,1
1,1,1,0,1,1,10:51:42,14.689676,121.070198,1,1
1,1,1,0,1,1,10:51:43,14.689632,121.070198,1,1
1,1,1,0,1,1,10:51:45,14.689549,121.07019,1,1
1,1,1,0,1,1,10:51:46,14.689507,121.070198,1,1
1,1,1,0,1,1,10:51:47,14.689467,121.070205,1,1
1,1,1,0,1,1,10:51:49,14.689379,121.070205,1,1
1,1,1,0,1,1,10:51:51,14.689287,121.070213,1,1
1,1,1,0,1,1,10:51:52,14.689239,121.070213,1,1
1,1,1,0,1,1,10:51:54,14.689142,121.070205,1,1
1,1,1,0,1,1,10:51:55,14.689092,121.070205,1,1
1,1,1,0,1,1,10:51:57,14.688996,121.070205,1,1
1,1,1,0,1,1,10:51:58,14.688947,121.070198,1,1
1,1,1,0,1,1,10:51:59,14.688899,121.070205,1,1
1,1,1,0,1,1,10:52:00,14.688852,121.070198,1,1
1,1,1,0,1,1,10:52:01,14.688811,121.070198,1,1
1,1,1,0,1,1,10:52:02,14.688772,121.070198,1,1
1,1,1,0,1,1,10:52:04,14.688707,121.07019,1,1
1,1,1,0,1,1,10:52:06,14.688647,121.070205,1,1
1,1,1,0,1,1,10:52:07,14.688617,121.070198,1,1
1,1,1,0,1,1,10:52:08,14.688591,121.070198,1,1
1,1,1,0,1,1,10:52:10,14.688515,121.07019,1,1
1,1,1,0,1,1,10:52:12,14.688428,121.070175,1,1
1,1,1,0,1,1,10:52:13,14.688392,121.070159,1,1
1,1,1,0,1,1,10:52:15,14.688316,121.070144,1,1
1,1,1,0,1,1,10:52:16,14.688282,121.070137,1,1
1,1,1,0,1,1,10:52:18,14.68822,121.070121,1,1
1,1,1,0,1,1,10:52:19,14.688192,121.070106,1,1
1,1,1,0,1,1,10:52:21,14.688149,121.07006,1,1
1,1,1,0,1,1,10:52:22,14.688125,121.07003,1,1
1,1,1,0,1,1,10:52:23,14.688102,121.069992,1,1
1,1,1,0,1,1,10:52:25,14.688067,121.069923,1,1
1,1,1,0,1,1,10:52:26,14.688042,121.069885,1,1
1,1,1,0,1,1,10:52:28,14.687975,121.069847,1,1
1,1,1,0,1,1,10:52:30,14.687902,121.069816,1,1
1,1,1,0,1,1,10:52:31,14.687859,121.069816,1,1
1,1,1,0,1,1,10:52:33,14.687764,121.069801,1,1
1,1,1,0,1,1,10:52:34,14.687717,121.069793,1,1
1,1,1,0,1,1,10:52:35,14.687676,121.069786,1,1
1,1,1,0,1,1,10:52:37,14.687592,121.069778,1,1
1,1,1,0,1,1,10:52:39,14.687504,121.069755,1,1
1,1,1,0,1,1,10:52:41,14.687416,121.069725,1,1
1,1,1,0,1,1,10:52:42,14.687377,121.069702,1,1
1,1,1,0,1,1,10:52:43,14.687335,121.069671,1,1
1,1,1,0,1,1,10:52:45,14.687251,121.069641,1,1
1,1,1,0,1,1,10:52:46,14.687206,121.069625,1,1
1,1,1,0,1,1,10:52:48,14.687102,121.069618,1,1
1,1,1,0,1,1,10:52:50,14.686995,121.069618,1,1
1,1,1,0,1,1,10:52:51,14.686945,121.06961,1,1
1,1,1,0,1,1,10:52:53,14.686842,121.06961,1,1
1,1,1,0,1,1,10:52:54,14.686789,121.06961,1,1
1,1,1,0,1,1,10:52:55,14.68674,121.06961,1,1
1,1,1,0,1,1,10:52:57,14.686658,121.06961,1,1
1,1,1,0,1,1,10:52:58,14.686622,121.069602,1,1
1,1,1,0,1,1,10:53:00,14.68656,121.069602,1,1
1,1,1,0,1,1,10:53:01,14.686535,121.069602,1,1
1,1,1,0,1,1,10:53:03,14.6865,121.06958,1,1
1,1,1,0,1,1,10:53:04,14.686495,121.069564,1,1
1,1,1,0,1,1,10:53:06,14.686499,121.069526,1,1
1,1,1,0,1,1,10:53:07,14.6865,121.069503,1,1
1,1,1,0,1,1,10:53:09,14.6865,121.069488,1,1
1,1,1,0,1,1,10:53:10,14.6865,121.069488,1,1
0,1,1,0,1,1,10:53:12,14.6865,121.069488,2,1
0,1,1,0,1,1,10:53:13,14.6865,121.069488,2,1
0,1,1,0,1,1,10:53:15,14.686504,121.06945,1,1
0,1,1,0,1,1,10:53:16,14.686502,121.069419,1,1
0,1,1,0,1,1,10:53:18,14.6865,121.069358,1,1
0,1,1,0,1,1,10:53:19,14.686499,121.069328,1,1
0,1,1,0,1,1,10:53:20,14.686492,121.069305,1,1
0,1,1,0,1,1,10:53:22,14.686484,121.069236,1,1
0,1,1,0,1,1,10:53:23,14.686482,121.069206,1,1
0,1,1,0,1,1,10:53:25,14.68648,121.069145,1,1
0,1,1,0,1,1,10:53:27,14.68648,121.069046,1,1
0,1,1,0,1,1,10:53:28,14.686474,121.068992,1,1
0,1,1,0,1,1,10:53:30,14.686469,121.06887,1,1
0,1,1,0,1,1,10:53:31,14.686469,121.068817,1,1
0,1,1,0,1,1,10:53:33,14.686464,121.068687,1,1
0,1,1,0,1,1,10:53:35,14.686466,121.068557,1,1
0,1,1,0,1,1,10:53:36,14.686467,121.068489,1,1
0,1,1,0,1,1,10:53:37,14.686469,121.06842,1,1
0,1,1,0,1,1,10:53:39,14.686474,121.068283,1,1
0,1,1,0,1,1,10:53:41,14.68648,121.068183,1,1
0,1,1,0,1,1,10:53:42,14.686479,121.068153,1,1
0,1,1,0,1,1,10:53:43,14.686477,121.068122,1,1
0,1,1,0,1,1,10:53:45,14.686474,121.068046,1,1
0,1,1,0,1,1,10:53:47,14.68647,121.067947,1,1
0,1,1,0,1,1,10:53:48,14.686469,121.067886,1,1
0,1,1,0,1,1,10:53:49,14.686464,121.067771,1,1
0,0,0,0,0,0,10:53:49,14.686464,121.067771,0,0
0,0,0,0,0,0,10:53:49,14.686464,121.067771,0,0
0,0,0,0,0,0,10:53:49,14.686464,121.067771,0,0
0,0,0,0,0,0,10:53:49,14.686464,121.067771,0,0
0,0,0,0,0,0,10:53:49,14.686464,121.067771,0,0
0,1,0,0,0,0,10:53:52,14.686462,121.067642,1,1
0,1,0,0,0,0,10:53:53,14.686464,121.067573,1,1
0,0,0,0,0,0,10:53:53,14.686464,121.067573,0,0
0,0,0,0,0,0,10:53:53,14.686464,121.067573,0,0
0,0,0,0,0,0,10:53:53,14.686464,121.067573,0,0
0,0,0,0,0,0,10:53:53,14.686464,121.067573,0,0
0,0,0,0,0,0,10:53:53,14.686464,121.067573,0,0
1,1,1,1,1,1,10:53:56,14.68647,121.067382,1,1
1,1,1,1,1,1,10:53:58,14.686467,121.067283,1,1
1,1,1,1,1,1,10:53:59,14.686469,121.06723,1,1
1,1,1,1,1,1,10:54:01,14.686466,121.067169,1,1
1,1,1,1,1,1,10:54:02,14.686462,121.067131,1,1
1,1,1,1,1,1,10:54:03,14.686461,121.067092,1,1
1,1,1,1,1,1,10:54:05,14.686462,121.066986,1,1
1,1,1,1,1,1,10:54:06,14.686464,121.066932,1,1
1,1,1,1,1,1,10:54:07,14.686462,121.066871,1,1
1,1,1,1,1,1,10:54:09,14.686462,121.066749,1,1
1,1,1,1,1,1,10:54:10,14.686461,121.066688,1,1
1,1,1,1,1,1,10:54:12,14.686461,121.066566,1,1
1,1,1,1,1,1,10:54:13,14.686462,121.066513,1,1
1,1,1,1,1,1,10:54:15,14.686459,121.066413,1,1
1,1,1,1,1,1,10:54:16,14.686457,121.066375,1,1
1,1,1,1,1,1,10:54:17,14.686457,121.066337,1,1
1,1,1,1,1,1,10:54:18,14.686455,121.066291,1,1
1,1,1,1,1,1,10:54:19,14.686453,121.066246,1,1
1,1,1,1,1,1,10:54:21,14.686452,121.066139,1,1
1,1,1,1,1,1,10:54:23,14.686444,121.066024,1,1
1,1,1,1,1,1,10:54:24,14.686442,121.065963,1,1
1,1,1,1,1,1,10:54:25,14.686442,121.065902,1,1
1,1,1,1,1,1,10:54:27,14.686448,121.065773,1,1
1,1,1,1,1,1,10:54:28,14.686449,121.065704,1,1
1,1,1,1,1,1,10:54:29,14.686452,121.065643,1,1
1,1,1,1,1,1,10:54:30,14.686453,121.065574,1,1
1,1,1,1,1,1,10:54:31,14.686452,121.065513,1,1
1,1,1,1,1,1,10:54:33,14.686452,121.065383,1,1
1,1,1,1,1,1,10:54:34,14.686452,121.065322,1,1
1,1,1,1,1,1,10:54:35,14.686452,121.065261,1,1
1,1,1,1,1,1,10:54:37,14.686452,121.065132,1,1
1,1,1,1,1,1,10:54:39,14.686455,121.065002,1,1
1,1,1,1,1,1,10:54:41,14.686455,121.06488,1,1
1,1,1,1,1,1,10:54:42,14.686455,121.064826,1,1
1,1,1,1,1,1,10:54:44,14.686457,121.06472,1,1
1,1,1,1,1,1,10:54:46,14.686466,121.064613,1,1
1,1,1,1,1,1,10:54:47,14.686469,121.064559,1,1
1,1,1,1,1,1,10:54:48,14.686474,121.064506,1,1
1,1,1,1,1,1,10:54:49,14.686474,121.06446,1,1
1,1,1,1,1,1,10:54:51,14.686474,121.064361,1,1
1,1,1,1,1,1,10:54:53,14.686477,121.064254,1,1
1,1,1,1,1,1,10:54:55,14.686477,121.064155,1,1
1,1,1,1,1,1,10:54:57,14.686479,121.064071,1,1
1,1,1,1,1,1,10:54:58,14.686484,121.064033,1,1
1,1,1,1,1,1,10:54:59,14.686489,121.064002,1,1
1,1,1,1,1,1,10:55:00,14.686497,121.06398,1,1
1,1,1,1,1,1,10:55:02,14.686511,121.063949,1,1
1,1,1,1,1,1,10:55:04,14.686511,121.063949,1,1
1,1,1,1,1,1,10:55:05,14.686511,121.063949,2,1
1,1,1,1,1,1,10:55:06,14.686511,121.063949,2,1
1,1,1,1,1,1,10:55:07,14.686511,121.063949,2,1
1,1,1,1,1,1,10:55:09,14.686511,121.063949,2,1
1,1,1,1,1,1,10:55:11,14.686511,121.063949,2,1
1,1,1,1,1,1,10:55:12,14.686511,121.063949,2,1
1,1,1,1,1,1,10:55:14,14.686511,121.063949,2,1
1,1,1,1,1,1,10:55:16,14.686511,121.063949,2,1
1,1,1,1,1,1,10:55:17,14.68652,121.063911,1,1
1,1,1,1,1,1,10:55:18,14.686515,121.063896,1,1
1,1,1,1,1,1,10:55:20,14.686499,121.063842,1,1
1,1,1,1,1,1,10:55:22,14.686484,121.063766,1,1
1,1,1,1,1,1,10:55:23,14.686479,121.063728,1,1
1,1,1,1,1,1,10:55:24,14.686479,121.06369,1,1
1,1,1,1,1,1,10:55:26,14.686482,121.063644,1,1
1,1,1,1,1,1,10:55:27,14.686484,121.063613,1,1
1,1,1,1,1,1,10:55:29,14.68648,121.063529,1,1
1,1,1,1,1,1,10:55:30,14.686479,121.063491,1,1
1,1,1,1,1,1,10:55:31,14.686474,121.063453,1,1
1,1,1,1,1,1,10:55:33,14.68647,121.063369,1,1
1,1,1,1,1,1,10:55:34,14.686475,121.063316,1,1
1,1,1,1,1,1,10:55:36,14.686487,121.063209,1,1
1,1,1,1,1,1,10:55:37,14.686487,121.063163,1,1
1,1,1,1,1,1,10:55:39,14.686489,121.063095,1,1
1,1,1,1,1,1,10:55:40,14.686489,121.063064,1,1
1,1,1,1,1,1,10:55:42,14.686491,121.06298,1,1
1,1,1,1,1,1,10:55:43,14.686491,121.062942,1,1
1,1,1,1,1,1,10:55:45,14.686484,121.062866,1,1
1,1,1,1,1,1,10:55:47,14.686484,121.062812,1,1
1,1,1,1,1,1,10:55:48,14.68648,121.062774,1,1
1,1,1,1,1,1,10:55:49,14.686472,121.062728,1,1
1,1,1,1,1,1,10:55:50,14.686464,121.062683,1,1
1,1,1,1,1,1,10:55:52,14.686467,121.062583,1,1
1,1,1,1,1,1,10:55:53,14.686472,121.062538,1,1
1,1,1,1,1,1,10:55:54,14.686475,121.062492,1,1
1,1,1,1,1,1,10:55:55,14.686477,121.062438,1,1
1,1,1,1,1,1,10:55:57,14.686479,121.062347,1,1
1,1,1,1,1,1,10:55:58,14.686479,121.062309,1,1
1,1,1,1,1,1,10:55:59,14.68648,121.062278,1,1
1,1,1,1,1,1,10:56:00,14.68648,121.062255,1,1
1,1,1,1,1,1,10:56:01,14.686479,121.062232,1,1
1,1,1,1,1,1,10:56:03,14.686474,121.062149,1,1
1,1,1,1,1,1,10:56:04,14.68647,121.062103,1,1
1,1,1,1,1,1,10:56:05,14.686466,121.062049,1,1
1,1,1,1,1,1,10:56:06,14.686464,121.061996,1,1
1,1,1,1,1,1,10:56:08,14.686452,121.061897,1,1
1,1,1,1,1,1,10:56:09,14.686444,121.061851,1,1
1,1,1,1,1,1,10:56:10,14.686437,121.061798,1,1
1,1,1,1,1,1,10:56:12,14.686429,121.061721,1,1
1,1,1,1,1,1,10:56:13,14.686432,121.061683,1,1
1,1,1,1,1,1,10:56:15,14.686475,121.061637,1,1
1,1,1,1,1,1,10:56:17,14.686547,121.06163,1,1
1,1,1,1,1,1,10:56:18,14.686595,121.061622,1,1
1,1,1,1,1,1,10:56:20,14.686705,121.06163,1,1
1,1,1,1,1,1,10:56:21,14.686764,121.061622,1,1
1,1,1,1,1,1,10:56:23,14.686889,121.061622,1,1
1,1,1,1,1,1,10:56:24,14.686949,121.061622,1,1
1,1,1,1,1,1,10:56:26,14.687074,121.061614,1,1
1,1,1,1,1,1,10:56:27,14.687132,121.061614,1,1
1,1,1,1,1,1,10:56:29,14.687252,121.061614,1,1
1,1,1,1,1,1,10:56:30,14.687311,121.061614,1,1
1,1,1,1,1,1,10:56:31,14.687367,121.061614,1,1
1,1,1,1,1,1,10:56:32,14.687422,121.061614,1,1
1,1,1,1,1,1,10:56:34,14.687518,121.061607,1,1
1,1,1,1,1,1,10:56:36,14.687582,121.061576,1,1
1,1,1,1,1,1,10:56:37,14.687599,121.061546,1,1
1,1,1,1,1,1,10:56:39,14.687603,121.061462,1,1
1,1,1,1,1,1,10:56:41,14.687596,121.061355,1,1
1,1,1,1,1,1,10:56:43,14.687592,121.061241,1,1
1,1,1,1,1,1,10:56:45,14.68759,121.061119,1,1
1,1,1,1,1,1,10:56:46,14.687587,121.061058,1,1
1,1,1,1,1,1,10:56:48,14.687583,121.060928,1,1
1,1,1,1,1,1,10:56:49,14.687581,121.060867,1,1
1,1,1,1,1,1,10:56:51,14.687577,121.060737,1,1
1,1,1,1,1,1,10:56:53,14.687577,121.060623,1,1
1,1,1,1,1,1,10:56:54,14.687576,121.060562,1,1
1,1,1,1,1,1,10:56:56,14.687576,121.060455,1,1
1,1,1,1,1,1,10:56:58,14.687569,121.060333,1,1
1,1,1,1,1,1,10:56:59,14.687569,121.060272,1,1
1,1,1,1,1,1,10:57:01,14.687567,121.060173,1,1
1,1,1,1,1,1,10:57:03,14.687565,121.060089,1,1
1,1,1,1,1,1,10:57:05,14.687569,121.060028,1,1
1,1,1,1,1,1,10:57:06,14.687569,121.060005,1,1
1,1,1,1,1,1,10:57:08,14.687552,121.059989,1,1
1,1,1,1,1,1,10:57:09,14.687543,121.060005,1,1
1,1,1,1,1,1,10:57:10,14.687545,121.060035,1,1
1,1,1,1,1,1,10:57:12,14.687554,121.060104,1,1
1,1,1,1,1,1,10:57:13,14.687556,121.060142,1,1
1,1,1,1,1,1,10:57:15,14.687554,121.060241,1,1
1,1,1,1,1,1,10:57:16,14.687554,121.060295,1,1
1,1,1,1,1,1,10:57:17,14.687554,121.060348,1,1
1,1,1,1,1,1,10:57:18,14.687554,121.060409,1,1
1,1,1,1,1,1,10:57:20,14.687557,121.060516,1,1
1,1,1,1,1,1,10:57:22,14.687562,121.060623,1,1
1,1,1,1,1,1,10:57:24,14.687563,121.060737,1,1
1,1,1,1,1,1,10:57:26,14.687569,121.060859,1,1
1,1,1,1,1,1,10:57:27,14.687572,121.06092,1,1
1,1,1,1,1,1,10:57:29,14.687581,121.061035,1,1
1,1,1,1,1,1,10:57:30,14.687582,121.061088,1,1
1,1,1,1,1,1,10:57:31,14.687583,121.061149,1,1
1,1,1,1,1,1,10:57:33,14.687589,121.061264,1,1
1,1,1,1,1,1,10:57:35,14.687594,121.061378,1,1
1,1,1,1,1,1,10:57:36,14.687596,121.061431,1,1
1,1,1,1,1,1,10:57:37,14.687597,121.061477,1,1
1,1,1,1,1,1,10:57:39,14.687594,121.061553,1,1
1,1,1,1,1,1,10:57:41,14.687559,121.061592,1,1
1,1,1,1,1,1,10:57:42,14.687522,121.061599,1,1
1,1,1,1,1,1,10:57:44,14.687431,121.061607,1,1
1,1,1,1,1,1,10:57:45,14.687377,121.061599,1,1
1,1,1,1,1,1,10:57:46,14.68732,121.061599,1,1
1,1,1,1,1,1,10:57:48,14.687206,121.061599,1,1
1,1,1,1,1,1,10:57:49,14.687148,121.061607,1,1
1,1,1,1,1,1,10:57:51,14.687028,121.061614,1,1
1,1,1,1,1,1,10:57:52,14.686968,121.061622,1,1
1,1,1,1,1,1,10:57:54,14.686847,121.061622,1,1
1,1,1,1,1,1,10:57:55,14.686785,121.061622,1,1
1,1,1,1,1,1,10:57:57,14.68666,121.061622,1,1
1,1,1,1,1,1,10:57:59,14.686553,121.061614,1,1
1,1,1,1,1,1,10:58:00,14.686509,121.061622,1,1
1,1,1,1,1,1,10:58:01,14.68647,121.06163,1,1
1,1,1,1,1,1,10:58:03,14.686422,121.061676,1,1
1,1,1,1,1,1,10:58:04,14.686412,121.061714,1,1
1,1,1,1,1,1,10:58:06,14.68641,121.061805,1,1
1,1,1,1,1,1,10:58:07,14.686415,121.061851,1,1
1,1,1,1,1,1,10:58:09,14.686429,121.061958,1,1
1,1,1,1,1,1,10:58:10,14.68643,121.062011,1,1
1,1,1,1,1,1,10:58:11,14.686434,121.062072,1,1
1,1,1,1,1,1,10:58:13,14.686444,121.062179,1,1
1,1,1,1,1,1,10:58:14,14.686446,121.062225,1,1
1,1,1,1,1,1,10:58:16,14.686449,121.062286,1,1
1,1,1,1,1,1,10:58:17,14.686449,121.062309,1,1
1,1,1,1,1,1,10:58:19,14.68645,121.062377,1,1
1,1,1,1,1,1,10:58:20,14.686452,121.062423,1,1
1,1,1,1,1,1,10:58:22,14.686452,121.06253,1,1
1,1,1,1,1,1,10:58:24,14.686452,121.062644,1,1
1,1,1,1,1,1,10:58:25,14.686452,121.062698,1,1
1,1,1,1,1,1,10:58:26,14.68645,121.062744,1,1
1,1,1,1,1,1,10:58:28,14.686448,121.062835,1,1
1,1,1,1,1,1,10:58:30,14.686449,121.062896,1,1
1,1,1,1,1,1,10:58:31,14.686442,121.062919,1,1
1,1,1,1,1,1,10:58:33,14.686437,121.063003,1,1
1,1,1,1,1,1,10:58:34,14.686435,121.063041,1,1
1,1,1,1,1,1,10:58:35,14.686435,121.063072,1,1
1,1,1,1,1,1,10:58:37,14.686434,121.063133,1,1
1,1,1,1,1,1,10:58:39,14.686435,121.063186,1,1
1,1,1,1,1,1,10:58:40,14.686439,121.063224,1,1
1,1,1,1,1,1,10:58:42,14.686446,121.063301,1,1
1,1,1,1,1,1,10:58:43,14.686449,121.063339,1,1
1,1,1,1,1,1,10:58:45,14.686446,121.063423,1,1
1,1,1,1,1,1,10:58:46,14.68644,121.063461,1,1
1,1,1,1,1,1,10:58:47,14.68644,121.063499,1,1
1,1,1,1,1,1,10:58:49,14.686434,121.063568,1,1
1,1,1,1,1,1,10:58:51,14.686437,121.063629,1,1
1,1,1,1,1,1,10:58:52,14.686439,121.063652,1,1
1,1,1,1,1,1,10:58:54,14.686434,121.06369,1,1
1,1,1,1,1,1,10:58:55,14.686432,121.063713,1,1
1,1,1,1,1,1,10:58:57,14.686437,121.063774,1,1
1,1,1,1,1,1,10:58:58,14.686435,121.063812,1,1
1,1,1,1,1,1,10:59:00,14.686434,121.063896,1,1
1,1,1,1,1,1,10:59:01,14.686434,121.063941,1,1
1,1,1,1,1,1,10:59:03,14.686432,121.064041,1,1
1,1,1,1,1,1,10:59:05,14.68643,121.064147,1,1
1,1,1,1,1,1,10:59:07,14.686426,121.064247,1,1
1,1,1,1,1,1,10:59:08,14.686422,121.064285,1,1
1,1,1,1,1,1,10:59:10,14.686417,121.064353,1,1
1,1,1,1,1,1,10:59:12,14.686415,121.064369,1,1
1,1,1,1,1,1,10:59:13,14.686415,121.064369,1,1
1,1,1,1,1,1,10:59:14,14.686415,121.064369,2,1
1,1,1,1,1,1,10:59:16,14.686417,121.064399,1,1
1,1,1,1,1,1,10:59:17,14.686421,121.06443,1,1
1,1,1,1,1,1,10:59:19,14.686429,121.064498,1,1
1,1,1,1,1,1,10:59:21,14.686435,121.064582,1,1
1,1,1,1,1,1,10:59:22,14.686439,121.064628,1,1
1,1,1,1,1,1,10:59:24,14.686442,121.06472,1,1
1,1,1,1,1,1,10:59:25,14.68644,121.064758,1,1
1,1,1,1,1,1,10:59:27,14.686442,121.064842,1,1
1,1,1,1,1,1,10:59:28,14.686444,121.064888,1,1
1,1,1,1,1,1,10:59:29,14.686448,121.064941,1,1
1,1,1,1,1,1,10:59:30,14.686449,121.065002,1,1
1,1,1,1,1,1,10:59:31,14.686449,121.065063,1,1
1,1,1,1,1,1,10:59:33,14.686449,121.065193,1,1
1,1,1,1,1,1,10:59:34,14.686448,121.065254,1,1
1,1,1,1,1,1,10:59:35,14.686444,121.065315,1,1
1,1,1,1,1,1,10:59:37,14.686442,121.065444,1,1
1,1,1,1,1,1,10:59:38,14.68644,121.065505,1,1
1,1,1,1,1,1,10:59:40,14.686439,121.06562,1,1
1,1,1,1,1,1,10:59:41,14.686439,121.065681,1,1
1,1,1,1,1,1,10:59:42,14.686437,121.065742,1,1
1,1,1,1,1,1,10:59:44,14.686434,121.065856,1,1
1,1,1,1,1,1,10:59:45,14.68643,121.065917,1,1
1,1,1,1,1,1,10:59:46,14.68643,121.065979,1,1
1,1,1,1,1,1,10:59:48,14.686428,121.066101,1,1
1,1,1,1,1,1,10:59:49,14.686428,121.066154,1,1
1,1,1,1,1,1,10:59:51,14.686426,121.066261,1,1
1,1,1,1,1,1,10:59:53,14.686429,121.066352,1,1
1,1,1,1,1,1,10:59:54,14.686432,121.06639,1,1
1,1,1,1,1,1,10:59:56,14.686435,121.066474,1,1
1,1,1,1,1,1,10:59:58,14.686437,121.066566,1,1
1,1,1,1,1,1,10:59:59,14.686439,121.066612,1,1
1,1,1,1,1,1,11:00:01,14.686437,121.066703,1,1
1,1,1,1,1,1,11:00:03,14.686439,121.066802,1,1
1,1,1,1,1,1,11:00:05,14.686437,121.066902,1,1
1,1,1,1,1,1,11:00:06,14.686435,121.066955,1,1
1,1,1,1,1,1,11:00:08,14.686434,121.067054,1,1
1,1,1,1,1,1,11:00:09,14.68643,121.0671,1,1
1,1,1,1,1,1,11:00:11,14.68643,121.067169,1,1
1,1,1,1,1,1,11:00:12,14.68643,121.067199,1,1
1,1,1,1,1,1,11:00:13,14.686434,121.067214,1,1
1,1,1,1,1,1,11:00:15,14.686435,121.067276,1,1
1,1,1,1,1,1,11:00:16,14.686437,121.067314,1,1
1,1,1,1,1,1,11:00:18,14.686439,121.067405,1,1
1,1,1,1,1,1,11:00:19,14.686434,121.067466,1,1
1,1,1,1,1,1,11:00:21,14.68643,121.067581,1,1
1,1,1,1,1,1,11:00:23,14.686428,121.067703,1,1
1,1,1,1,1,1,11:00:25,14.686426,121.067825,1,1
1,1,1,1,1,1,11:00:27,14.686426,121.067939,1,1
1,1,1,1,1,1,11:00:28,14.686424,121.067985,1,1
1,1,1,1,1,1,11:00:29,14.686422,121.068031,1,1
1,1,1,1,1,1,11:00:31,14.686422,121.068099,1,1
1,1,1,1,1,1,11:00:33,14.686424,121.068153,1,1
1,1,1,1,1,1,11:00:34,14.686422,121.068176,1,1
1,1,1,1,1,1,11:00:36,14.686419,121.068244,1,1
1,1,1,1,1,1,11:00:37,14.686419,121.068283,1,1
1,1,1,1,1,1,11:00:39,14.686422,121.068374,1,1
1,1,1,1,1,1,11:00:40,14.686421,121.06842,1,1
1,1,1,1,1,1,11:00:42,14.686419,121.068519,1,1
1,1,1,1,1,1,11:00:43,14.686419,121.068565,1,1
1,1,1,1,1,1,11:00:45,14.686417,121.068664,1,1
1,1,1,1,1,1,11:00:46,14.686417,121.06871,1,1
1,1,1,1,1,1,11:00:48,14.686417,121.068794,1,1
1,1,1,1,1,1,11:00:50,14.686415,121.068878,1,1
1,1,1,1,1,1,11:00:51,14.686417,121.068923,1,1
1,1,1,1,1,1,11:00:53,14.68641,121.069007,1,1
1,1,1,1,1,1,11:00:54,14.686408,121.069053,1,1
1,1,1,1,1,1,11:00:56,14.686413,121.069129,1,1
1,1,1,1,1,1,11:00:57,14.686415,121.069168,1,1
1,1,1,1,1,1,11:00:58,14.686417,121.069198,1,1
1,1,1,1,1,1,11:01:00,14.686421,121.069252,1,1
1,1,1,1,1,1,11:01:01,14.686421,121.069282,1,1
1,1,1,1,1,1,11:01:03,14.686428,121.069351,1,1
1,1,1,1,1,1,11:01:04,14.686434,121.069381,1,1
1,1,1,1,1,1,11:01:06,14.686442,121.06945,1,1
1,1,1,1,1,1,11:01:07,14.686444,121.069488,1,1
1,1,1,1,1,1,11:01:09,14.686448,121.069549,1,1
1,1,1,1,1,1,11:01:11,14.686446,121.069572,1,1
1,1,1,1,1,1,11:01:13,14.686446,121.069572,1,1
1,1,1,1,1,1,11:01:15,14.686448,121.069602,1,1
1,1,1,1,1,1,11:01:17,14.686453,121.069648,1,1
1,1,1,1,1,1,11:01:18,14.686453,121.069671,1,1
1,1,1,1,1,1,11:01:19,14.686457,121.069702,1,1
1,1,1,1,1,1,11:01:21,14.686466,121.069763,1,1
1,1,1,1,1,1,11:01:23,14.686464,121.069831,1,1
1,1,1,1,1,1,11:01:24,14.686464,121.069869,1,1
1,1,1,1,1,1,11:01:25,14.686462,121.069915,1,1
1,1,1,1,1,1,11:01:27,14.686464,121.070007,1,1
1,1,1,1,1,1,11:01:28,14.686466,121.07006,1,1
1,1,1,1,1,1,11:01:30,14.686464,121.070152,1,1
1,1,1,1,1,1,11:01:32,14.686467,121.070236,1,1
1,1,1,1,1,1,11:01:33,14.686466,121.070274,1,1
1,1,1,1,1,1,11:01:35,14.686459,121.07035,1,1
1,1,1,1,1,1,11:01:36,14.686457,121.070396,1,1
1,1,1,1,1,1,11:01:37,14.686457,121.070449,1,1
1,1,1,1,1,1,11:01:39,14.686459,121.070549,1,1
1,1,1,1,1,1,11:01:40,14.686461,121.070594,1,1
1,1,1,1,1,1,11:01:42,14.686466,121.070678,1,1
1,1,1,1,1,1,11:01:43,14.686462,121.070724,1,1
1,1,1,1,1,1,11:01:45,14.686457,121.070823,1,1
1,1,1,1,1,1,11:01:47,14.686455,121.070938,1,1
1,1,1,1,1,1,11:01:49,14.686446,121.071044,1,1
1,1,1,1,1,1,11:01:51,14.686439,121.071159,1,1
1,1,1,1,1,1,11:01:53,14.686442,121.071273,1,1
1,1,1,1,1,1,11:01:54,14.686442,121.071327,1,1
1,1,1,1,1,1,11:01:55,14.68644,121.071372,1,1
1,1,1,1,1,1,11:01:57,14.68644,121.071456,1,1
1,1,1,1,1,1,11:01:59,14.686442,121.07154,1,1
1,1,1,1,1,1,11:02:01,14.686435,121.071624,1,1
1,1,1,1,1,1,11:02:02,14.686432,121.071678,1,1
1,1,1,1,1,1,11:02:04,14.68644,121.071777,1,1
1,1,1,1,1,1,11:02:06,14.686444,121.071891,1,1
1,1,1,1,1,1,11:02:07,14.686439,121.07196,1,1
1,1,1,1,1,1,11:02:09,14.686442,121.072067,1,1
1,1,1,1,1,1,11:02:11,14.686444,121.072181,1,1
1,1,1,1,1,1,11:02:12,14.686448,121.072235,1,1
1,1,1,1,1,1,11:02:13,14.686448,121.07228,1,1
1,1,1,1,1,1,11:02:15,14.686446,121.072364,1,1
1,1,1,1,1,1,11:02:17,14.686442,121.072448,1,1
1,1,1,1,1,1,11:02:18,14.68644,121.072502,1,1
1,1,1,1,1,1,11:02:19,14.686444,121.072547,1,1
1,1,1,1,1,1,11:02:20,14.686444,121.072601,1,1
1,1,1,1,1,1,11:02:22,14.686444,121.072715,1,1
1,1,1,1,1,1,11:02:23,14.686442,121.072769,1,1
1,1,1,1,1,1,11:02:24,14.686442,121.07283,1,1
1,1,1,1,1,1,11:02:25,14.68644,121.072891,1,1
1,1,1,1,1,1,11:02:27,14.686444,121.073013,1,1
1,1,1,1,1,1,11:02:29,14.686437,121.073112,1,1
1,1,1,1,1,1,11:02:30,14.686439,121.07315,1,1
1,1,1,1,1,1,11:02:32,14.686446,121.073226,1,1
1,1,1,1,1,1,11:02:34,14.686449,121.073303,1,1
1,1,1,1,1,1,11:02:36,14.686455,121.073387,1,1
1,1,1,1,1,1,11:02:37,14.686459,121.073432,1,1
1,1,1,1,1,1,11:02:39,14.686457,121.073539,1,1
1,1,1,1,1,1,11:02:41,14.686457,121.073654,1,1
1,1,1,1,1,1,11:02:42,14.686455,121.073699,1,1
1,1,1,1,1,1,11:02:43,14.686457,121.073753,1,1
1,1,1,1,1,1,11:02:44,14.686461,121.073783,1,1
1,1,1,1,1,1,11:02:46,14.686462,121.073844,1,1
1,1,1,1,1,1,11:02:48,14.686461,121.073913,1,1
1,1,1,1,1,1,11:02:49,14.686461,121.073951,1,1
1,1,1,1,1,1,11:02:51,14.686459,121.07405,1,1
1,1,1,1,1,1,11:02:53,14.686461,121.074142,1,1
1,1,1,1,1,1,11:02:54,14.686464,121.074188,1,1
1,1,1,1,1,1,11:02:55,14.686467,121.074218,1,1
1,1,1,1,1,1,11:02:57,14.686487,121.074279,1,1
1,1,1,1,1,1,11:02:59,14.686504,121.074333,1,1
1,1,1,1,1,1,11:03:00,14.686502,121.074348,1,1
1,1,1,1,1,1,11:03:01,14.686493,121.074378,1,1
1,1,1,1,1,1,11:03:03,14.686475,121.07444,1,1
1,1,1,1,1,1,11:03:05,14.686432,121.074501,1,1
1,1,1,1,1,1,11:03:07,14.686355,121.074523,1,1
1,1,1,1,1,1,11:03:08,14.686315,121.074531,1,1
1,1,1,1,1,1,11:03:09,14.686272,121.074531,1,1
1,1,1,1,1,1,11:03:11,14.686181,121.074523,1,1
1,1,1,1,1,1,11:03:12,14.686132,121.074516,1,1
1,1,1,1,1,1,11:03:13,14.686082,121.074516,1,1
1,1,1,1,1,1,11:03:15,14.68598,121.074508,1,1
1,1,1,1,1,1,11:03:16,14.685925,121.074508,1,1
1,1,1,1,1,1,11:03:17,14.685869,121.074508,1,1
1,1,1,1,1,1,11:03:19,14.685767,121.074508,1,1
1,1,1,1,1,1,11:03:21,14.685661,121.074501,1,1
1,1,1,1,1,1,11:03:23,14.685544,121.074508,1,1
1,1,1,1,1,1,11:03:24,14.685482,121.074508,1,1
1,1,1,1,1,1,11:03:25,14.685425,121.074501,1,1
1,1,1,1,1,1,11:03:27,14.68532,121.074508,1,1
1,1,1,1,1,1,11:03:28,14.685272,121.074508,1,1
1,1,1,1,1,1,11:03:29,14.685227,121.074508,1,1
1,1,1,1,1,1,11:03:31,14.685146,121.074508,1,1
1,1,1,1,1,1,11:03:33,14.685084,121.074516,1,1
1,1,1,1,1,1,11:03:34,14.685057,121.074516,1,1
1,1,1,1,1,1,11:03:36,14.685004,121.074531,1,1
1,1,1,1,1,1,11:03:37,14.684981,121.074539,1,1
1,1,1,1,1,1,11:03:39,14.684964,121.074592,1,1
1,1,1,1,1,1,11:03:40,14.684966,121.07463,1,1
1,1,1,1,1,1,11:03:42,14.684968,121.074729,1,1
1,1,1,1,1,1,11:03:43,14.684966,121.074783,1,1
1,1,1,1,1,1,11:03:45,14.684974,121.07489,1,1
1,1,1,1,1,1,11:03:46,14.68497,121.074943,1,1
1,1,1,1,1,1,11:03:48,14.684972,121.075057,1,1
1,1,1,1,1,1,11:03:49,14.684972,121.075119,1,1
1,1,1,1,1,1,11:03:51,14.684988,121.075241,1,1
1,1,1,1,1,1,11:03:53,14.684992,121.075355,1,1
1,1,1,1,1,1,11:03:55,14.684992,121.075492,1,1
1,1,1,1,1,1,11:03:57,14.684984,121.075614,1,1
1,1,1,1,1,1,11:03:58,14.684981,121.075675,1,1
1,1,1,1,1,1,11:04:00,14.684986,121.075813,1,1
1,1,1,1,1,1,11:04:01,14.684988,121.075866,1,1
1,1,1,1,1,1,11:04:03,14.684995,121.075973,1,1
1,1,1,1,1,1,11:04:05,14.685002,121.076095,1,1
1,1,1,1,1,1,11:04:06,14.684995,121.076156,1,1
1,1,1,1,1,1,11:04:07,14.684997,121.07621,1,1
1,1,1,1,1,1,11:04:09,14.684995,121.076309,1,1
1,1,1,1,1,1,11:04:10,14.684999,121.076347,1,1
1,1,1,1,1,1,11:04:12,14.685009,121.076431,1,1
1,1,1,1,1,1,11:04:13,14.685004,121.076469,1,1
1,1,1,1,1,1,11:04:15,14.685002,121.07656,1,1
1,1,1,1,1,1,11:04:16,14.685008,121.076599,1,1
1,1,1,1,1,1,11:04:18,14.685004,121.076683,1,1
1,1,1,1,1,1,11:04:19,14.685002,121.076728,1,1
1,1,1,1,1,1,11:04:20,14.685009,121.076782,1,1
1,1,1,1,1,1,11:04:22,14.684999,121.076866,1,1
1,1,1,1,1,1,11:04:23,14.684995,121.076904,1,1
1,1,1,1,1,1,11:04:24,14.684995,121.076934,1,1
1,1,1,1,1,1,11:04:26,14.684994,121.076995,1,1
1,1,1,1,1,1,11:04:27,14.684988,121.077026,1,1
1,1,1,1,1,1,11:04:29,14.684977,121.077079,1,1
1,1,1,1,1,1,11:04:30,14.68495,121.077095,1,1
1,1,1,1,1,1,11:04:32,14.68489,121.077125,1,1
1,1,1,1,1,1,11:04:33,14.684857,121.07714,1,1
1,1,1,1,1,1,11:04:34,14.684816,121.077156,1,1
1,1,1,1,1,1,11:04:36,14.68472,121.077178,1,1
1,1,1,1,1,1,11:04:37,14.684672,121.077186,1,1
1,1,1,1,1,1,11:04:39,14.684571,121.077217,1,1
1,1,1,1,1,1,11:04:40,14.684515,121.077232,1,1
1,1,1,1,1,1,11:04:42,14.684415,121.07727,1,1
1,1,1,1,1,1,11:04:43,14.684366,121.077293,1,1
1,1,1,1,1,1,11:04:45,14.684266,121.077346,1,1
1,1,1,1,1,1,11:04:47,14.68417,121.077415,1,1
1,1,1,1,1,1,11:04:48,14.684125,121.077445,1,1
1,1,1,1,1,1,11:04:49,14.684079,121.077484,1,1
1,1,1,1,1,1,11:04:51,14.683992,121.077545,1,1
1,1,1,1,1,1,11:04:53,14.683916,121.077598,1,1
1,1,1,1,1,1,11:04:54,14.683887,121.077613,1,1
1,1,1,1,1,1,11:04:56,14.683834,121.077621,1,1
1,1,1,1,1,1,11:04:57,14.683806,121.077613,1,1
1,1,1,1,1,1,11:04:58,14.683784,121.077606,1,1
1,1,1,1,1,1,11:04:59,14.683773,121.077583,1,1
1,1,1,1,1,1,11:05:01,14.683755,121.077514,1,1
1,1,1,1,1,1,11:05:03,14.683747,121.077423,1,1
1,1,1,1,1,1,11:05:04,14.683746,121.077369,1,1
1,1,1,1,1,1,11:05:06,14.683746,121.07727,1,1
1,1,1,1,1,1,11:05:07,14.683746,121.077217,1,1
1,1,1,1,1,1,11:05:09,14.683733,121.077117,1,1
1,1,1,1,1,1,11:05:11,14.68374,121.077018,1,1
1,1,1,1,1,1,11:05:13,14.683742,121.076896,1,1
1,1,1,1,1,1,11:05:15,14.683744,121.076774,1,1
1,1,1,1,1,1,11:05:16,14.68374,121.076721,1,1
1,1,1,1,1,1,11:05:18,14.683746,121.076614,1,1
1,1,1,1,1,1,11:05:19,14.683746,121.07656,1,1
1,1,1,1,1,1,11:05:21,14.683733,121.076477,1,1
1,1,1,1,1,1,11:05:22,14.683735,121.076446,1,1
1,1,1,1,1,1,11:05:24,14.683735,121.076377,1,1
1,1,1,1,1,1,11:05:25,14.68374,121.076332,1,1
1,1,1,1,1,1,11:05:27,14.683747,121.076255,1,1
1,1,1,1,1,1,11:05:28,14.683749,121.07621,1,1
1,1,1,1,1,1,11:05:29,14.683747,121.076164,1,1
1,1,1,1,1,1,11:05:31,14.683747,121.076065,1,1
1,1,1,1,1,1,11:05:32,14.683753,121.076011,1,1
1,1,1,1,1,1,11:05:34,14.683757,121.075904,1,1
1,1,1,1,1,1,11:05:35,14.683762,121.075843,1,1
1,1,1,1,1,1,11:05:37,14.683766,121.075729,1,1
1,1,1,1,1,1,11:05:39,14.683769,121.075622,1,1
1,1,1,1,1,1,11:05:41,14.683777,121.0755,1,1
1,1,1,1,1,1,11:05:42,14.683779,121.075447,1,1
1,1,1,1,1,1,11:05:43,14.683773,121.075386,1,1
1,1,1,1,1,1,11:05:45,14.683773,121.075294,1,1
1,1,1,1,1,1,11:05:46,14.683775,121.075248,1,1
1,1,1,1,1,1,11:05:48,14.683782,121.075164,1,1
1,1,1,1,1,1,11:05:49,14.683786,121.075119,1,1
1,1,1,1,1,1,11:05:51,14.683789,121.075027,1,1
1,1,1,1,1,1,11:05:53,14.68378,121.074935,1,1
1,1,1,1,1,1,11:05:54,14.683777,121.07489,1,1
1,1,1,1,1,1,11:05:55,14.683769,121.074844,1,1
1,1,1,1,1,1,11:05:57,14.683767,121.07476,1,1
1,1,1,1,1,1,11:05:59,14.683766,121.074676,1,1
1,1,1,1,1,1,11:06:00,14.683771,121.074638,1,1
1,1,1,1,1,1,11:06:02,14.683784,121.074577,1,1
1,1,1,1,1,1,11:06:03,14.683806,121.074562,1,1
1,1,1,1,1,1,11:06:05,14.683878,121.074531,1,1
1,1,1,1,1,1,11:06:06,14.683922,121.074523,1,1
1,1,1,1,1,1,11:06:07,14.683967,121.074523,1,1
1,1,1,1,1,1,11:06:09,14.684065,121.074523,1,1
1,1,1,1,1,1,11:06:10,14.684117,121.074523,1,1
1,1,1,1,1,1,11:06:12,14.684222,121.074531,1,1
1,1,1,1,1,1,11:06:13,14.684274,121.074531,1,1
1,1,1,1,1,1,11:06:15,14.684379,121.074531,1,1
1,1,1,1,1,1,11:06:17,14.684479,121.074523,1,1
1,1,1,1,1,1,11:06:18,14.684527,121.074508,1,1
1,1,1,1,1,1,11:06:19,14.684571,121.074493,1,1
1,1,1,1,1,1,11:06:21,14.684649,121.074493,1,1
1,1,1,1,1,1,11:06:22,14.684676,121.074493,1,1
1,1,1,1,1,1,11:06:24,14.684729,121.074485,1,1
1,1,1,1,1,1,11:06:25,14.684741,121.074485,1,1
1,1,1,1,1,1,11:06:26,14.684754,121.074485,1,1
1,1,1,1,1,1,11:06:28,14.684794,121.074485,1,1
1,1,1,1,1,1,11:06:29,14.684823,121.074478,1,1
1,1,1,1,1,1,11:06:31,14.684888,121.074485,1,1
1,1,1,1,1,1,11:06:32,14.684917,121.074485,1,1
1,1,1,1,1,1,11:06:34,14.684974,121.074485,1,1
1,1,1,1,1,1,11:06:36,14.685015,121.074501,1,1
1,1,1,1,1,1,11:06:37,14.685039,121.074501,1,1
1,1,1,1,1,1,11:06:39,14.685095,121.074501,1,1
1,1,1,1,1,1,11:06:41,14.685162,121.074508,1,1
1,1,1,1,1,1,11:06:42,14.685202,121.074508,1,1
1,1,1,1,1,1,11:06:43,14.685247,121.074508,1,1
1,1,1,1,1,1,11:06:45,14.685342,121.074516,1,1
1,1,1,1,1,1,11:06:47,14.685443,121.074516,1,1
1,1,1,1,1,1,11:06:48,14.685497,121.074516,1,1
1,1,1,1,1,1,11:06:49,14.68555,121.074516,1,1
1,1,1,1,1,1,11:06:51,14.685655,121.074516,1,1
1,1,1,1,1,1,11:06:52,14.685714,121.074516,1,1
1,1,1,1,1,1,11:06:54,14.68584,121.074516,1,1
1,1,1,1,1,1,11:06:56,14.685969,121.074516,1,1
1,1,1,1,1,1,11:06:57,14.686031,121.074516,1,1
1,1,1,1,1,1,11:06:58,14.686092,121.074516,1,1
1,1,1,1,1,1,11:06:59,14.68615,121.074516,1,1
1,1,1,1,1,1,11:07:01,14.686261,121.074516,1,1
1,1,1,1,1,1,11:07:03,14.686352,121.074516,1,1
1,1,1,1,1,1,11:07:04,14.686392,121.074508,1,1
1,1,1,1,1,1,11:07:05,14.68643,121.074501,1,1
1,1,1,1,1,1,11:07:07,14.686495,121.074455,1,1
1,1,1,1,1,1,11:07:09,14.686515,121.074386,1,1
1,1,1,1,1,1,11:07:11,14.686511,121.074302,1,1
1,1,1,1,1,1,11:07:12,14.686511,121.074264,1,1
1,1,1,1,1,1,11:07:13,14.686511,121.074234,1,1
1,1,1,1,1,1,11:07:15,14.686507,121.074165,1,1
1,1,1,1,1,1,11:07:16,14.686509,121.074127,1,1
1,1,1,1,1,1,11:07:17,14.686509,121.074089,1,1
1,1,1,1,1,1,11:07:19,14.686511,121.07402,1,1
1,1,1,1,1,1,11:07:21,14.686507,121.073936,1,1
1,1,1,1,1,1,11:07:22,14.686506,121.073883,1,1
1,1,1,1,1,1,11:07:23,14.686502,121.073822,1,1
1,1,1,1,1,1,11:07:24,14.686497,121.073768,1,1
1,1,1,1,1,1,11:07:26,14.686491,121.073646,1,1
1,1,1,1,1,1,11:07:27,14.686487,121.073593,1,1
1,1,1,1,1,1,11:07:29,14.686486,121.073478,1,1
1,1,1,1,1,1,11:07:30,14.686486,121.073425,1,1
1,1,1,1,1,1,11:07:31,14.686489,121.073387,1,1
1,1,1,1,1,1,11:07:33,14.686495,121.07331,1,1
1,1,1,1,1,1,11:07:34,14.686499,121.073272,1,1
1,1,1,1,1,1,11:07:36,14.686506,121.073188,1,1
1,1,1,1,1,1,11:07:37,14.686504,121.07315,1,1
1,1,1,1,1,1,11:07:39,14.686507,121.073043,1,1
1,1,1,1,1,1,11:07:40,14.686507,121.072982,1,1
1,1,1,1,1,1,11:07:41,14.686506,121.072921,1,1
1,1,1,1,1,1,11:07:43,14.686511,121.072799,1,1
1,1,1,1,1,1,11:07:45,14.686513,121.072677,1,1
1,1,1,1,1,1,11:07:46,14.686515,121.072616,1,1
1,1,1,1,1,1,11:07:47,14.686515,121.072547,1,1
1,1,1,1,1,1,11:07:48,14.686512,121.072486,1,1
1,1,1,1,1,1,11:07:49,14.686509,121.072425,1,1
1,1,1,1,1,1,11:07:51,14.686512,121.072341,1,1
1,1,1,1,1,1,11:07:53,14.686509,121.072273,1,1
1,1,1,1,1,1,11:07:54,14.686509,121.072227,1,1
1,1,1,1,1,1,11:07:55,14.686506,121.072174,1,1
1,1,1,1,1,1,11:07:57,14.686504,121.072052,1,1
1,1,1,1,1,1,11:07:58,14.686504,121.071983,1,1
1,1,1,1,1,1,11:07:59,14.686504,121.071914,1,1
1,1,1,1,1,1,11:08:01,14.6865,121.071777,1,1
1,1,1,1,1,1,11:08:02,14.6865,121.071708,1,1
1,1,1,1,1,1,11:08:03,14.6865,121.071647,1,1
1,1,1,1,1,1,11:08:05,14.686507,121.071533,1,1
1,1,1,1,1,1,11:08:07,14.686509,121.071449,1,1
1,1,1,1,1,1,11:08:09,14.686512,121.071357,1,1
1,1,1,1,1,1,11:08:10,14.686515,121.071311,1,1
1,1,1,1,1,1,11:08:12,14.686515,121.071189,1,1
1,1,1,1,1,1,11:08:13,14.686515,121.071128,1,1
1,1,1,1,1,1,11:08:15,14.686512,121.070999,1,1
1,1,1,1,1,1,11:08:17,14.686515,121.070869,1,1
1,1,1,1,1,1,11:08:18,14.686517,121.070808,1,1
1,1,1,1,1,1,11:08:19,14.686524,121.070747,1,1
1,1,1,1,1,1,11:08:21,14.686526,121.070648,1,1
1,1,1,1,1,1,11:08:22,14.686527,121.07061,1,1
1,1,1,1,1,1,11:08:23,14.686526,121.070571,1,1
1,1,1,1,1,1,11:08:25,14.686529,121.07048,1,1
1,1,1,1,1,1,11:08:27,14.686527,121.070373,1,1
1,1,1,1,1,1,11:08:28,14.686527,121.070327,1,1
1,1,1,1,1,1,11:08:29,14.686527,121.070281,1,1
1,1,1,1,1,1,11:08:30,14.686526,121.070243,1,1
1,1,1,1,1,1,11:08:32,14.686522,121.070159,1,1
1,1,1,1,1,1,11:08:34,14.68652,121.07006,1,1
1,1,1,1,1,1,11:08:35,14.68652,121.070014,1,1
1,1,1,1,1,1,11:08:37,14.686515,121.069931,1,1
1,1,1,1,1,1,11:08:39,14.686517,121.069854,1,1
1,1,1,1,1,1,11:08:40,14.686515,121.069816,1,1
1,1,1,1,1,1,11:08:41,14.686515,121.069778,1,1
1,1,1,1,1,1,11:08:43,14.686517,121.069702,1,1
1,1,1,1,1,1,11:08:45,14.686539,121.069648,1,1
1,1,1,1,1,1,11:08:46,14.68656,121.069633,1,1
1,1,1,1,1,1,11:08:47,14.686589,121.069625,1,1
1,1,1,1,1,1,11:08:49,14.686671,121.069625,1,1
1,1,1,1,1,1,11:08:51,14.686765,121.069633,1,1
1,1,1,1,1,1,11:08:53,14.686865,121.069633,1,1
1,1,1,1,1,1,11:08:54,14.686923,121.069633,1,1
1,1,1,1,1,1,11:08:56,14.687039,121.069633,1,1
1,1,1,1,1,1,11:08:58,14.687152,121.069633,1,1
1,1,1,1,1,1,11:09:00,14.687269,121.069633,1,1
1,1,1,1,1,1,11:09:01,14.687324,121.069656,1,1
1,1,1,1,1,1,11:09:03,14.68742,121.069709,1,1
1,1,1,1,1,1,11:09:04,14.687471,121.06974,1,1
1,1,1,1,1,1,11:09:06,14.687579,121.06977,1,1
1,1,1,1,1,1,11:09:07,14.687634,121.069778,1,1
1,1,1,1,1,1,11:09:09,14.68775,121.069793,1,1
1,1,1,1,1,1,11:09:10,14.68781,121.069801,1,1
1,1,1,1,1,1,11:09:11,14.687867,121.069801,1,1
1,1,1,1,1,1,11:09:12,14.687919,121.069808,1,1
1,1,1,1,1,1,11:09:13,14.687964,121.069816,1,1
1,1,1,1,1,1,11:09:15,14.688037,121.069862,1,1
1,1,1,1,1,1,11:09:16,14.688072,121.069892,1,1
1,1,1,1,1,1,11:09:17,14.688097,121.069938,1,1
1,1,1,1,1,1,11:09:19,14.688147,121.07003,1,1
1,1,1,1,1,1,11:09:21,14.688219,121.070091,1,1
1,1,1,1,1,1,11:09:22,14.688267,121.070114,1,1
1,1,1,1,1,1,11:09:24,14.688361,121.070144,1,1
1,1,1,1,1,1,11:09:25,14.688407,121.070152,1,1
1,1,1,1,1,1,11:09:27,14.688508,121.070175,1,1
1,1,1,1,1,1,11:09:28,14.688559,121.070182,1,1
1,1,1,1,1,1,11:09:29,14.688611,121.07019,1,1
1,1,1,1,1,1,11:09:31,14.688717,121.07019,1,1
1,1,1,1,1,1,11:09:33,14.68884,121.07019,1,1
1,1,1,1,1,1,11:09:34,14.688899,121.07019,1,1
1,1,1,1,1,1,11:09:36,14.689005,121.070198,1,1
1,1,1,1,1,1,11:09:37,14.689054,121.070198,1,1
1,1,1,1,1,1,11:09:39,14.689132,121.070213,1,1
1,1,1,1,1,1,11:09:40,14.689157,121.070213,1,1
1,1,1,1,1,1,11:09:42,14.689202,121.070213,1,1
1,1,1,1,1,1,11:09:43,14.689226,121.07022,1,1
1,1,1,1,1,1,11:09:45,14.68928,121.07022,1,1
1,1,1,1,1,1,11:09:46,14.689299,121.07022,1,1
1,1,1,1,1,1,11:09:48,14.689309,121.07022,1,1
1,1,1,1,1,1,11:09:49,14.689309,121.07022,2,1
1,1,1,1,1,1,11:09:51,14.689309,121.07022,2,1
1,1,1,1,1,1,11:09:52,14.689309,121.07022,2,1
1,1,1,1,1,1,11:09:54,14.689352,121.070205,1,1
1,1,1,1,1,1,11:09:55,14.689371,121.07019,1,1
1,1,1,1,1,1,11:09:57,14.689419,121.07019,1,1
1,1,1,1,1,1,11:09:58,14.689452,121.070198,1,1
1,1,1,1,1,1,11:09:59,14.689487,121.070198,1,1
1,1,1,1,1,1,11:10:01,14.689564,121.070198,1,1
1,1,1,1,1,1,11:10:03,14.68964,121.07019,1,1
1,1,1,1,1,1,11:10:04,14.689682,121.07019,1,1
1,1,1,1,1,1,11:10:05,14.689721,121.07019,1,1
1,1,1,1,1,1,11:10:06,14.689756,121.07019,1,1
1,1,1,1,1,1,11:10:07,14.689794,121.07019,1,1
1,1,1,1,1,1,11:10:09,14.689882,121.070198,1,1
1,1,1,1,1,1,11:10:10,14.68993,121.070198,1,1
1,1,1,1,1,1,11:10:12,14.690032,121.07019,1,1
1,1,1,1,1,1,11:10:13,14.690086,121.070198,1,1
1,1,1,1,1,1,11:10:15,14.690185,121.070198,1,1
1,1,1,1,1,1,11:10:16,14.690225,121.070198,1,1
1,1,1,1,1,1,11:10:17,14.690274,121.070205,1,1
1,1,1,1,1,1,11:10:18,14.69032,121.070198,1,1
1,1,1,1,1,1,11:10:19,14.69037,121.070198,1,1
1,1,1,1,1,1,11:10:21,14.690461,121.07019,1,1
1,1,1,1,1,1,11:10:23,14.690535,121.070182,1,1
1,1,1,1,1,1,11:10:24,14.690567,121.07019,1,1
1,1,1,1,1,1,11:10:25,14.690599,121.070182,1,1
1,1,1,1,1,1,11:10:27,14.690646,121.070182,1,1
1,1,1,1,1,1,11:10:28,14.690664,121.070175,1,1
1,1,1,1,1,1,11:10:30,14.690713,121.070167,1,1
1,1,1,1,1,1,11:10:31,14.690749,121.070167,1,1
1,1,1,1,1,1,11:10:32,14.690834,121.070159,1,1
1,1,1,1,1,1,11:10:33,14.690876,121.070159,1,1
1,1,1,1,1,1,11:10:35,14.690914,121.070159,1,1
1,1,1,1,1,1,11:10:37,14.690984,121.070159,1,1
1,1,1,1,1,1,11:10:39,14.691057,121.070152,1,1
1,1,1,1,1,1,11:10:40,14.691096,121.070152,1,1
1,1,1,1,1,1,11:10:41,14.691139,121.070152,1,1
1,1,1,1,1,1,11:10:43,14.691227,121.070152,1,1
1,1,1,1,1,1,11:10:45,14.691319,121.070152,1,1
1,1,1,1,1,1,11:10:46,14.691366,121.070152,1,1
1,1,1,1,1,1,11:10:48,14.691457,121.070152,1,1
1,1,1,1,1,1,11:10:49,14.691502,121.070152,1,1
1,1,1,1,1,1,11:10:51,14.691596,121.070152,1,1
1,1,1,1,1,1,11:10:53,14.691692,121.070152,1,1
1,1,1,1,1,1,11:10:54,14.69175,121.070167,1,1
1,1,1,1,1,1,11:10:55,14.691799,121.070167,1,1
1,1,1,1,1,1,11:10:57,14.69191,121.070167,1,1
1,1,1,1,1,1,11:10:58,14.691966,121.070167,1,1
1,1,1,1,1,1,11:10:59,14.692022,121.070175,1,1
1,1,1,1,1,1,11:11:01,14.692126,121.070167,1,1
1,1,1,1,1,1,11:11:03,14.692219,121.070159,1,1
1,1,1,1,1,1,11:11:04,14.692265,121.070152,1,1
1,1,1,1,1,1,11:11:05,14.692307,121.070144,1,1
1,1,1,1,1,1,11:11:07,14.692398,121.070137,1,1
1,1,1,1,1,1,11:11:09,14.692492,121.070137,1,1
1,1,1,1,1,1,11:11:10,14.692541,121.070137,1,1
1,1,1,1,1,1,11:11:11,14.69259,121.070137,1,1
1,1,1,1,1,1,11:11:13,14.692692,121.070144,1,1
1,1,1,1,1,1,11:11:15,14.692793,121.070159,1,1
1,1,1,1,1,1,11:11:17,14.692873,121.070175,1,1
1,1,1,1,1,1,11:11:18,14.692907,121.07019,1,1
1,1,1,1,1,1,11:11:19,14.69294,121.070198,1,1
1,1,1,1,1,1,11:11:20,14.692967,121.070205,1,1
1,1,1,1,1,1,11:11:21,14.692987,121.070213,1,1
1,1,1,1,1,1,11:11:22,14.693002,121.070213,1,1
1,1,1,1,1,1,11:11:24,14.693032,121.070228,1,1
1,1,1,1,1,1,11:11:25,14.693044,121.070228,1,1
1,1,1,1,1,1,11:11:27,14.693064,121.070243,1,1
1,1,1,1,1,1,11:11:28,14.693074,121.070251,1,1
1,1,1,1,1,1,11:11:30,14.69311,121.070259,1,1
1,1,1,1,1,1,11:11:32,14.693161,121.070274,1,1
1,1,1,1,1,1,11:11:34,14.693201,121.070297,1,1
1,1,1,1,1,1,11:11:35,14.693214,121.070304,1,1
1,1,1,1,1,1,11:11:37,14.693239,121.070335,1,1
1,1,1,1,1,1,11:11:38,14.693239,121.070335,1,1
1,1,1,1,1,1,11:11:39,14.693249,121.070388,1,1
1,1,1,1,1,1,11:11:40,14.693249,121.070419,1,1
1,1,1,1,1,1,11:11:42,14.693241,121.070487,1,1
1,1,1,1,1,1,11:11:43,14.693237,121.070526,1,1
1,1,1,1,1,1,11:11:45,14.693223,121.070587,1,1
1,1,1,1,1,1,11:11:46,14.693219,121.070625,1,1
1,1,1,1,1,1,11:11:47,14.693216,121.070663,1,1
1,1,1,1,1,1,11:11:49,14.693209,121.070739,1,1
1,1,1,1,1,1,11:11:50,14.693209,121.070777,1,1
1,1,1,1,1,1,11:11:52,14.693207,121.070838,1,1
1,1,1,1,1,1,11:11:53,14.693209,121.070869,1,1
1,1,1,1,1,1,11:11:55,14.693202,121.070907,1,1
1,1,1,1,1,1,11:11:57,14.693202,121.070907,1,1
1,1,1,1,1,1,11:11:59,14.693202,121.070907,2,1
1,1,1,1,1,1,11:12:00,14.693202,121.070907,2,1
1,1,1,1,1,1,11:12:02,14.693202,121.070907,2,1
1,1,1,1,1,1,11:12:03,14.693202,121.070907,2,1
1,1,1,1,1,1,11:12:04,14.693194,121.070922,1,1
1,1,1,1,1,1,11:12:06,14.693181,121.070945,1,1
1,1,1,1,1,1,11:12:08,14.693167,121.070999,1,1
1,1,1,1,1,1,11:12:09,14.693162,121.071029,1,1
1,1,1,1,1,1,11:12:11,14.693156,121.071105,1,1
1,1,1,1,1,1,11:12:13,14.693149,121.071189,1,1
1,1,1,1,1,1,11:12:15,14.693144,121.071266,1,1
1,1,1,1,1,1,11:12:16,14.693142,121.071296,1,1
1,1,1,1,1,1,11:12:18,14.693136,121.07135,1,1
1,1,1,1,1,1,11:12:19,14.693132,121.071372,1,1
1,1,1,1,1,1,11:12:21,14.693123,121.071434,1,1
1,1,1,1,1,1,11:12:22,14.693123,121.071472,1,1
1,1,1,1,1,1,11:12:23,14.693123,121.07151,1,1
1,1,1,1,1,1,11:12:24,14.693122,121.071548,1,1
1,1,1,1,1,1,11:12:25,14.693122,121.071586,1,1
1,1,1,1,1,1,11:12:27,14.693119,121.071678,1,1
1,1,1,1,1,1,11:12:28,14.693119,121.071716,1,1
1,1,1,1,1,1,11:12:29,14.693119,121.071769,1,1
1,1,1,1,1,1,11:12:30,14.693119,121.071815,1,1
1,1,1,1,1,1,11:12:32,14.693112,121.071907,1,1
1,1,1,1,1,1,11:12:33,14.693107,121.071952,1,1
1,1,1,1,1,1,11:12:34,14.693104,121.071998,1,1
1,1,1,1,1,1,11:12:36,14.6931,121.072082,1,1
1,1,1,1,1,1,11:12:37,14.6931,121.072128,1,1
1,1,1,1,1,1,11:12:39,14.6931,121.072212,1,1
1,1,1,1,1,1,11:12:40,14.693099,121.072257,1,1
1,1,1,1,1,1,11:12:41,14.693094,121.072288,1,1
1,1,1,1,1,1,11:12:42,14.693084,121.072326,1,1
1,1,1,1,1,1,11:12:43,14.693076,121.072357,1,1
1,1,1,1,1,1,11:12:45,14.693058,121.072441,1,1
1,1,1,1,1,1,11:12:46,14.693052,121.072479,1,1
1,1,1,1,1,1,11:12:48,14.693058,121.07257,1,1
1,1,1,1,1,1,11:12:49,14.693058,121.072616,1,1
1,1,1,1,1,1,11:12:51,14.693058,121.072708,1,1
1,1,1,1,1,1,11:12:53,14.693065,121.072814,1,1
1,1,1,1,1,1,11:12:55,14.693067,121.072914,1,1
1,1,1,1,1,1,11:12:56,14.693062,121.072967,1,1
1,1,1,1,1,1,11:12:58,14.693065,121.073074,1,1
1,1,1,1,1,1,11:12:59,14.693069,121.073127,1,1
1,1,1,1,1,1,11:13:00,14.693067,121.073181,1,1
1,1,1,1,1,1,11:13:01,14.693062,121.073234,1,1
1,1,1,1,1,1,11:13:03,14.69306,121.073333,1,1
1,1,1,1,1,1,11:13:04,14.693062,121.073387,1,1
1,1,1,1,1,1,11:13:06,14.693056,121.073501,1,1
1,1,1,1,1,1,11:13:07,14.693052,121.073554,1,1
1,1,1,1,1,1,11:13:09,14.693049,121.073654,1,1
1,1,1,1,1,1,11:13:10,14.693051,121.073692,1,1
1,1,1,1,1,1,11:13:12,14.693051,121.073791,1,1
1,1,1,1,1,1,11:13:13,14.693047,121.073844,1,1
1,1,1,1,1,1,11:13:15,14.693042,121.073951,1,1
1,1,1,1,1,1,11:13:16,14.693045,121.073997,1,1
1,1,1,1,1,1,11:13:18,14.693044,121.074089,1,1
1,1,1,1,1,1,11:13:19,14.693044,121.074119,1,1
1,1,1,1,1,1,11:13:21,14.693047,121.074188,1,1
1,1,1,1,1,1,11:13:22,14.693049,121.074226,1,1
1,1,1,1,1,1,11:13:24,14.693049,121.074302,1,1
1,1,1,1,1,1,11:13:25,14.693049,121.074348,1,1
1,1,1,1,1,1,11:13:27,14.693045,121.07444,1,1
1,1,1,1,1,1,11:13:28,14.693042,121.074493,1,1
1,1,1,1,1,1,11:13:30,14.69304,121.0746,1,1
1,1,1,1,1,1,11:13:32,14.693038,121.074707,1,1
1,1,1,1,1,1,11:13:33,14.693038,121.07476,1,1
1,1,1,1,1,1,11:13:34,14.693042,121.074821,1,1
1,1,1,1,1,1,11:13:36,14.693045,121.07492,1,1
1,1,1,1,1,1,11:13:37,14.693047,121.074974,1,1
1,1,1,1,1,1,11:13:39,14.693051,121.07508,1,1
1,1,1,1,1,1,11:13:40,14.693049,121.075126,1,1
1,1,1,1,1,1,11:13:41,14.693049,121.07518,1,1
1,1,1,1,1,1,11:13:43,14.693047,121.075286,1,1
1,1,1,1,1,1,11:13:45,14.693042,121.075363,1,1
1,1,1,1,1,1,11:13:46,14.693037,121.075401,1,1
1,1,1,1,1,1,11:13:47,14.693032,121.075431,1,1
1,1,1,1,1,1,11:13:49,14.693027,121.075508,1,1
1,1,1,1,1,1,11:13:51,14.693031,121.075576,1,1
1,1,1,1,1,1,11:13:53,14.693034,121.075645,1,1
1,1,1,1,1,1,11:13:54,14.693036,121.075683,1,1
1,1,1,1,1,1,11:13:55,14.693032,121.075721,1,1
1,1,1,1,1,1,11:13:57,14.693025,121.075798,1,1
1,1,1,1,1,1,11:13:59,14.693024,121.075889,1,1
1,1,1,1,1,1,11:14:00,14.693024,121.075935,1,1
1,1,1,1,1,1,11:14:01,14.69302,121.075981,1,1
1,1,1,1,1,1,11:14:02,14.693018,121.076034,1,1
1,1,1,1,1,1,11:14:04,14.693017,121.076133,1,1
1,1,1,1,1,1,11:14:05,14.693025,121.076179,1,1
1,1,1,1,1,1,11:14:07,14.693032,121.076286,1,1
1,1,1,1,1,1,11:14:08,14.693037,121.076332,1,1
1,1,1,1,1,1,11:14:10,14.693042,121.076431,1,1
1,1,1,1,1,1,11:14:12,14.693038,121.076538,1,1
1,1,1,1,1,1,11:14:14,14.693044,121.076637,1,1
1,1,1,1,1,1,11:14:16,14.693044,121.076713,1,1
1,1,1,1,1,1,11:14:17,14.69304,121.076766,1,1
1,1,1,1,1,1,11:14:18,14.693042,121.076812,1,1
1,1,1,1,1,1,11:14:20,14.693045,121.076904,1,1
1,1,1,1,1,1,11:14:22,14.693049,121.076988,1,1
1,1,1,1,1,1,11:14:24,14.693049,121.077079,1,1
1,1,1,1,1,1,11:14:25,14.693051,121.077133,1,1
1,1,1,1,1,1,11:14:27,14.693016,121.077232,1,1
1,1,1,1,1,1,11:14:28,14.692992,121.077278,1,1
1,1,1,1,1,1,11:14:29,14.692967,121.077331,1,1
1,1,1,1,1,1,11:14:31,14.692917,121.07743,1,1
1,1,1,1,1,1,11:14:33,14.692867,121.077529,1,1
1,1,1,1,1,1,11:14:34,14.692846,121.077583,1,1
1,1,1,1,1,1,11:14:35,14.692824,121.077636,1,1
1,1,1,1,1,1,11:14:36,14.692806,121.07769,1,1
1,1,1,1,1,1,11:14:37,14.692788,121.077743,1,1
1,1,1,1,1,1,11:14:39,14.692752,121.077857,1,1
1,1,1,1,1,1,11:14:40,14.692732,121.077911,1,1
1,1,1,1,1,1,11:14:42,14.692687,121.078002,1,1
1,1,1,1,1,1,11:14:43,14.692661,121.078033,1,1
1,1,1,1,1,1,11:14:45,14.692594,121.078094,1,1
1,1,1,1,1,1,11:14:46,14.692561,121.078117,1,1
1,1,1,1,1,1,11:14:47,14.692525,121.078147,1,1
1,1,1,1,1,1,11:14:48,14.692489,121.07817,1,1
1,1,1,1,1,1,11:14:49,14.692456,121.078201,1,1
1,1,1,1,1,1,11:14:51,14.692387,121.078269,1,1
1,1,1,1,1,1,11:14:52,14.692354,121.0783,1,1
1,1,1,1,1,1,11:14:54,14.692278,121.078361,1,1
1,1,1,1,1,1,11:14:55,14.69224,121.078399,1,1
1,1,1,1,1,1,11:14:57,14.692157,121.078453,1,1
1,1,1,1,1,1,11:14:58,14.692117,121.078483,1,1
1,1,1,1,1,1,11:14:59,14.692079,121.078514,1,1
1,1,1,1,1,1,11:15:00,14.692039,121.078544,1,1
1,1,1,1,1,1,11:15:02,14.691962,121.078605,1,1
1,1,1,1,1,1,11:15:04,14.691889,121.078659,1,1
1,1,1,1,1,1,11:15:06,14.691825,121.07872,1,1
1,1,1,1,1,1,11:15:07,14.691796,121.07875,1,1
1,1,1,1,1,1,11:15:09,14.691747,121.078834,1,1
1,1,1,1,1,1,11:15:11,14.691716,121.078926,1,1
1,1,1,1,1,1,11:15:12,14.6917,121.078979,1,1
1,1,1,1,1,1,11:15:13,14.691696,121.079025,1,1
1,1,1,1,1,1,11:15:15,14.691676,121.079124,1,1
1,1,1,1,1,1,11:15:16,14.691665,121.07917,1,1
1,1,1,1,1,1,11:15:17,14.691656,121.079208,1,1
1,1,1,1,1,1,11:15:18,14.691645,121.079246,1,1
1,1,1,1,1,1,11:15:19,14.691637,121.079284,1,1
1,1,1,1,1,1,11:15:21,14.691616,121.079345,1,1
1,1,1,1,1,1,11:15:22,14.691604,121.079376,1,1
1,1,1,1,1,1,11:15:24,14.691577,121.079429,1,1
1,1,1,1,1,1,11:15:25,14.691565,121.07946,1,1
1,1,1,1,1,1,11:15:27,14.691549,121.079528,1,1
1,1,1,1,1,1,11:15:28,14.691538,121.079559,1,1
1,1,1,1,1,1,11:15:30,14.69152,121.079627,1,1
1,1,1,1,1,1,11:15:31,14.691511,121.079673,1,1
1,1,1,1,1,1,11:15:33,14.691491,121.07975,1,1
1,1,1,1,1,1,11:15:34,14.691479,121.079795,1,1
1,1,1,1,1,1,11:15:35,14.691466,121.079841,1,1
1,1,1,1,1,1,11:15:36,14.691455,121.079879,1,1
1,1,1,1,1,1,11:15:37,14.69144,121.079925,1,1
1,1,1,1,1,1,11:15:39,14.691411,121.080009,1,1
1,1,1,1,1,1,11:15:40,14.691399,121.080047,1,1
1,1,1,1,1,1,11:15:41,14.691386,121.080085,1,1
1,1,1,1,1,1,11:15:43,14.691362,121.080162,1,1
1,1,1,1,1,1,11:15:44,14.691353,121.080184,1,1
1,1,1,1,1,1,11:15:46,14.691334,121.080253,1,1
1,1,1,1,1,1,11:15:47,14.691328,121.080291,1,1
1,1,1,1,1,1,11:15:49,14.691304,121.080368,1,1
1,1,1,1,1,1,11:15:51,14.691275,121.080459,1,1
1,1,1,1,1,1,11:15:52,14.691257,121.080505,1,1
1,1,1,1,1,1,11:15:54,14.691227,121.080596,1,1
1,1,1,1,1,1,11:15:55,14.691214,121.08065,1,1
1,1,1,1,1,1,11:15:57,14.691184,121.080741,1,1
1,1,1,1,1,1,11:15:58,14.691176,121.08078,1,1
1,1,1,1,1,1,11:16:00,14.691157,121.080863,1,1
1,1,1,1,1,1,11:16:02,14.691141,121.080947,1,1
1,1,1,1,1,1,11:16:03,14.69113,121.080986,1,1
1,1,1,1,1,1,11:16:05,14.691112,121.081047,1,1
1,1,1,1,1,1,11:16:06,14.691105,121.081069,1,1
1,1,1,1,1,1,11:16:07,14.691096,121.0811,1,1
1,1,1,1,1,1,11:16:09,14.691074,121.081153,1,1
1,1,1,1,1,1,11:16:11,14.691056,121.081214,1,1
1,1,1,1,1,1,11:16:13,14.691036,121.081291,1,1
1,1,1,1,1,1,11:16:15,14.691016,121.081375,1,1
1,1,1,1,1,1,11:16:17,14.690985,121.081459,1,1
1,1,1,1,1,1,11:16:18,14.690974,121.081497,1,1
1,1,1,1,1,1,11:16:19,14.690962,121.081527,1,1
1,1,1,1,1,1,11:16:21,14.690949,121.081573,1,1
1,1,1,1,1,1,11:16:22,14.690944,121.081596,1,1
1,1,1,1,1,1,11:16:24,14.690937,121.081649,1,1
1,1,1,1,1,1,11:16:25,14.690931,121.08168,1,1
1,1,1,1,1,1,11:16:26,14.69092,121.081718,1,1
1,1,1,1,1,1,11:16:27,14.690909,121.081756,1,1
1,1,1,1,1,1,11:16:29,14.690882,121.081832,1,1
1,1,1,1,1,1,11:16:31,14.690858,121.081909,1,1
1,1,1,1,1,1,11:16:32,14.690847,121.081954,1,1
1,1,1,1,1,1,11:16:34,14.690817,121.082046,1,1
1,1,1,1,1,1,11:16:36,14.690786,121.08213,1,1
1,1,1,1,1,1,11:16:37,14.690773,121.082176,1,1
1,1,1,1,1,1,11:16:39,14.690753,121.082244,1,1
1,1,1,1,1,1,11:16:40,14.690742,121.082275,1,1
1,1,1,1,1,1,11:16:41,14.690726,121.082336,1,1
1,1,1,1,1,1,11:16:43,14.690717,121.082359,1,1
1,1,1,1,1,1,11:16:45,14.690702,121.082405,1,1
1,1,1,1,1,1,11:16:46,14.690692,121.082435,1,1
1,1,1,1,1,1,11:16:48,14.690689,121.082458,1,1
1,1,1,1,1,1,11:16:49,14.690682,121.082481,1,1
1,1,1,1,1,1,11:16:51,14.690667,121.082527,1,1
1,1,1,1,1,1,11:16:52,14.690659,121.082557,1,1
1,1,1,1,1,1,11:16:54,14.690635,121.082626,1,1
1,1,1,1,1,1,11:16:56,14.690615,121.082702,1,1
1,1,1,1,1,1,11:16:58,14.690586,121.082794,1,1
1,1,1,1,1,1,11:17:00,14.690555,121.082893,1,1
1,1,1,1,1,1,11:17:01,14.690539,121.082939,1,1
1,1,1,1,1,1,11:17:03,14.690515,121.08303,1,1
1,1,1,1,1,1,11:17:04,14.690505,121.083076,1,1
1,1,1,1,1,1,11:17:06,14.690479,121.08316,1,1
1,1,1,1,1,1,11:17:07,14.690469,121.08319,1,1
1,1,1,1,1,1,11:17:09,14.690443,121.083244,1,1
1,1,1,1,1,1,11:17:10,14.690436,121.083267,1,1
1,1,1,1,1,1,11:17:12,14.690423,121.083305,1,1
1,1,1,1,1,1,11:17:13,14.690416,121.083328,1,1
1,1,1,1,1,1,11:17:15,14.690403,121.083358,1,1
1,1,1,1,1,1,11:17:17,14.690387,121.083396,1,1
1,1,1,1,1,1,11:17:18,14.690377,121.083404,1,1
1,1,1,1,1,1,11:17:20,14.690349,121.083427,1,1
1,1,1,1,1,1,11:17:21,14.690325,121.083427,1,1
1,1,1,1,1,1,11:17:23,14.690272,121.083419,1,1
1,1,1,1,1,1,11:17:24,14.690242,121.083404,1,1
1,1,1,1,1,1,11:17:25,14.690211,121.083396,1,1
1,1,1,1,1,1,11:17:27,14.690144,121.083366,1,1
1,1,1,1,1,1,11:17:28,14.690106,121.083351,1,1
1,1,1,1,1,1,11:17:29,14.690073,121.083335,1,1
1,1,1,1,1,1,11:17:31,14.690007,121.083305,1,1
1,1,1,1,1,1,11:17:33,14.689946,121.083305,1,1
1,1,1,1,1,1,11:17:34,14.689917,121.083305,1,1
1,1,1,1,1,1,11:17:35,14.689894,121.083312,1,1
1,1,1,1,1,1,11:17:36,14.689872,121.08332,1,1
1,1,1,1,1,1,11:17:37,14.689859,121.083343,1,1
1,1,1,1,1,1,11:17:39,14.689835,121.083381,1,1
1,1,1,1,1,1,11:17:40,14.68983,121.083396,1,1
1,1,1,1,1,1,11:17:42,14.689822,121.083442,1,1
1,1,1,1,1,1,11:17:43,14.689822,121.083465,1,1
1,1,1,1,1,1,11:17:45,14.689797,121.083518,1,1
1,1,1,1,1,1,11:17:46,14.689781,121.083549,1,1
1,1,1,1,1,1,11:17:48,14.689745,121.083602,1,1
1,1,1,1,1,1,11:17:49,14.689727,121.083625,1,1
1,1,1,1,1,1,11:17:51,14.689685,121.083671,1,1
1,1,1,1,1,1,11:17:52,14.689669,121.083694,1,1
1,1,1,1,1,1,11:17:54,14.689637,121.083732,1,1
1,1,1,1,1,1,11:17:55,14.689622,121.08374,1,1
1,1,1,1,1,1,11:17:57,14.689582,121.083786,1,1
1,1,1,1,1,1,11:17:59,14.689525,121.083847,1,1
1,1,1,1,1,1,11:18:01,14.689462,121.083892,1,1
1,1,1,1,1,1,11:18:02,14.689433,121.083923,1,1
1,1,1,1,1,1,11:18:04,14.689369,121.083969,1,1
1,1,1,1,1,1,11:18:06,14.689302,121.084014,1,1
1,1,1,1,1,1,11:18:07,14.68927,121.08403,1,1
1,1,1,1,1,1,11:18:09,14.689202,121.084068,1,1
1,1,1,1,1,1,11:18:10,14.689168,121.084091,1,1
1,1,1,1,1,1,11:18:12,14.689095,121.084129,1,1
1,1,1,1,1,1,11:18:13,14.689055,121.084152,1,1
1,1,1,1,1,1,11:18:14,14.689012,121.084182,1,1
1,1,1,1,1,1,11:18:16,14.688932,121.084228,1,1
1,1,1,1,1,1,11:18:18,14.688838,121.084274,1,1
1,1,1,1,1,1,11:18:19,14.688789,121.084289,1,1
1,1,1,1,1,1,11:18:21,14.688689,121.084327,1,1
1,1,1,1,1,1,11:18:23,14.688597,121.084358,1,1
1,1,1,1,1,1,11:18:25,14.688514,121.084388,1,1
1,1,1,1,1,1,11:18:27,14.68845,121.084403,1,1
1,1,1,1,1,1,11:18:28,14.688421,121.084411,1,1
1,1,1,1,1,1,11:18:29,14.688387,121.084419,1,1
1,1,1,1,1,1,11:18:30,14.68835,121.084426,1,1
1,1,1,1,1,1,11:18:31,14.688312,121.084442,1,1
1,1,1,1,1,1,11:18:33,14.688232,121.084457,1,1
1,1,1,1,1,1,11:18:34,14.688189,121.084457,1,1
1,1,1,1,1,1,11:18:36,14.688109,121.084472,1,1
1,1,1,1,1,1,11:18:37,14.688071,121.084472,1,1
1,1,1,1,1,1,11:18:39,14.687989,121.084487,1,1
1,1,1,1,1,1,11:18:40,14.687953,121.084495,1,1
1,1,1,1,1,1,11:18:42,14.687887,121.084495,1,1
1,1,1,1,1,1,11:18:43,14.687857,121.084495,1,1
1,1,1,1,1,1,11:18:45,14.687801,121.084487,1,1
1,1,1,1,1,1,11:18:47,14.68775,121.084495,1,1
1,1,1,1,1,1,11:18:48,14.687724,121.084495,1,1
1,1,1,1,1,1,11:18:49,14.68769,121.084495,1,1
1,1,1,1,1,1,11:18:51,14.687619,121.084487,1,1
1,1,1,1,1,1,11:18:52,14.687577,121.084487,1,1
1,1,1,1,1,1,11:18:53,14.687536,121.084487,1,1
1,1,1,1,1,1,11:18:55,14.687454,121.08448,1,1
1,1,1,1,1,1,11:18:57,14.687374,121.084457,1,1
1,1,1,1,1,1,11:18:58,14.687331,121.084457,1,1
1,1,1,1,1,1,11:18:59,14.687289,121.084449,1,1
1,1,1,1,1,1,11:19:01,14.6872,121.084426,1,1
1,1,1,1,1,1,11:19:03,14.687106,121.084403,1,1
1,1,1,1,1,1,11:19:04,14.687057,121.084388,1,1
1,1,1,1,1,1,11:19:06,14.686967,121.084365,1,1
1,1,1,1,1,1,11:19:07,14.686927,121.08435,1,1
1,1,1,1,1,1,11:19:09,14.68685,121.08432,1,1
1,1,1,1,1,1,11:19:11,14.686779,121.084281,1,1
1,1,1,1,1,1,11:19:12,14.686745,121.084266,1,1
1,1,1,1,1,1,11:19:13,14.686712,121.084259,1,1
1,1,1,1,1,1,11:19:15,14.686652,121.084266,1,1
1,1,1,1,1,1,11:19:17,14.686611,121.084281,1,1
1,1,1,1,1,1,11:19:19,14.686582,121.084327,1,1
1,1,1,1,1,1,11:19:21,14.686557,121.084381,1,1
1,1,1,1,1,1,11:19:23,14.686549,121.084457,1,1
1,1,1,1,1,1,11:19:24,14.686547,121.084495,1,1
1,1,1,1,1,1,11:19:25,14.686544,121.084533,1,1
1,1,1,1,1,1,11:19:27,14.686544,121.084609,1,1
1,1,1,1,1,1,11:19:28,14.686544,121.084655,1,1
1,1,1,1,1,1,11:19:29,14.68654,121.084693,1,1
1,1,1,1,1,1,11:19:31,14.686529,121.084785,1,1
1,1,1,1,1,1,11:19:33,14.686524,121.084861,1,1
1,1,1,1,1,1,11:19:34,14.686522,121.084907,1,1
1,1,1,1,1,1,11:19:36,14.686517,121.084991,1,1
1,1,1,1,1,1,11:19:37,14.686512,121.085029,1,1
1,1,1,1,1,1,11:19:39,14.686509,121.085121,1,1
1,1,1,1,1,1,11:19:40,14.686509,121.085159,1,1
1,1,1,1,1,1,11:19:41,14.686512,121.085197,1,1
1,1,1,1,1,1,11:19:43,14.686522,121.085273,1,1
1,1,1,1,1,1,11:19:45,14.68652,121.085357,1,1
1,1,1,1,1,1,11:19:46,14.686513,121.085395,1,1
1,1,1,1,1,1,11:19:48,14.686507,121.085464,1,1
1,1,1,1,1,1,11:19:49,14.686506,121.085502,1,1
1,1,1,1,1,1,11:19:51,14.686499,121.085563,1,1
1,1,1,1,1,1,11:19:53,14.686495,121.085601,1,1
1,1,1,1,1,1,11:19:55,14.686492,121.085617,1,1
1,1,1,1,1,1,11:19:57,14.686492,121.085617,1,1
1,1,1,1,1,0,11:19:58,14.686492,121.085617,2,1
1,1,1,1,1,0,11:20:00,14.686492,121.085617,2,1
1,1,1,1,1,0,11:20:01,14.686492,121.085617,2,1
1,1,1,1,1,0,11:20:03,14.686492,121.085617,2,1
1,1,1,1,1,0,11:20:04,14.686492,121.085617,2,1
1,1,1,1,1,0,11:20:06,14.686492,121.085617,2,1
1,1,1,1,1,0,11:20:07,14.686492,121.085617,2,1
1,1,1,1,1,0,11:20:09,14.686492,121.085617,2,1
1,1,1,1,1,0,11:20:10,14.686491,121.085639,1,1
1,1,1,1,1,0,11:20:12,14.686489,121.085678,1,1
1,1,1,1,1,0,11:20:13,14.686487,121.0857,1,1
1,1,1,1,1,0,11:20:15,14.686484,121.085746,1,1
1,1,1,1,1,0,11:20:17,14.686484,121.085746,1,1
1,1,1,1,1,0,11:20:19,14.686484,121.085746,2,1
1,1,1,1,1,0,11:20:20,14.686484,121.085746,2,1
1,1,1,1,1,0,11:20:21,14.686484,121.085746,2,1
1,1,1,1,1,0,11:20:23,14.686484,121.085746,2,1
1,1,1,1,1,0,11:20:24,14.686484,121.085746,2,1
1,1,1,1,1,0,11:20:25,14.686484,121.085746,2,1
1,1,1,1,1,0,11:20:27,14.686475,121.085807,1,1
1,1,1,1,1,0,11:20:28,14.68647,121.08583,1,1
1,1,1,1,1,0,11:20:29,14.686467,121.085853,1,1
1,1,1,1,1,0,11:20:30,14.686466,121.085876,1,1
1,1,1,1,1,0,11:20:31,14.686466,121.085906,1,1
1,1,1,1,1,0,11:20:33,14.686462,121.085937,1,1
1,1,1,1,1,0,11:20:35,14.686462,121.085937,1,1
1,1,1,1,1,0,11:20:36,14.686459,121.085952,1,1
1,1,1,1,1,0,11:20:37,14.686455,121.08596,1,1
1,1,1,1,1,0,11:20:39,14.686442,121.086006,1,1
1,1,1,1,1,0,11:20:40,14.686437,121.086021,1,1
1,1,1,1,1,0,11:20:42,14.686429,121.086059,1,1
1,1,1,1,1,0,11:20:43,14.686421,121.08609,1,1
1,1,1,1,1,0,11:20:45,14.686402,121.086143,1,1
1,1,1,1,1,0,11:20:47,14.686377,121.086204,1,1
1,1,1,1,1,0,11:20:48,14.686366,121.086235,1,1
1,1,1,1,1,0,11:20:49,14.686357,121.086265,1,1
1,1,1,1,1,0,11:20:51,14.686344,121.086303,1,1
1,1,1,1,1,0,11:20:52,14.686334,121.086326,1,1
1,1,1,1,1,0,11:20:54,14.686308,121.086364,1,1
1,1,1,1,1,0,11:20:55,14.686297,121.086387,1,1
1,1,1,1,1,0,11:20:57,14.686244,121.086387,1,1
1,1,1,1,1,0,11:20:58,14.686205,121.08638,1,1
1,1,1,1,1,0,11:21:00,14.686118,121.086341,1,1
1,1,1,1,1,0,11:21:01,14.686072,121.086318,1,1
1,1,1,1,1,0,11:21:03,14.685991,121.086288,1,1
1,1,1,1,1,0,11:21:05,14.685925,121.086265,1,1
1,1,1,1,1,0,11:21:07,14.685877,121.08625,1,1
1,1,1,1,1,0,11:21:09,14.685859,121.086219,1,1
1,1,1,1,1,0,11:21:10,14.685859,121.086219,1,1
0,0,0,0,0,0,11:21:12,14.685859,121.086219,0,0
0,0,0,0,0,0,11:21:13,14.685859,121.086219,0,0
0,0,0,0,0,0,11:21:15,14.685859,121.086219,0,0
0,0,0,0,0,0,11:21:16,14.685859,121.086219,0,0
0,0,0,0,0,0,11:21:17,14.685859,121.086219,0,0
0,0,0,0,0,0,11:21:19,14.685859,121.086219,0,0
0,0,0,0,0,0,11:21:21,14.685859,121.086219,0,0
0,0,0,0,0,0,11:21:22,14.685859,121.086219,0,0
0,0,0,0,0,0,11:21:24,14.685859,121.086219,0,0
0,0,0,0,0,0,11:21:25,14.685859,121.086219,0,0
0,0,0,0,0,0,11:21:27,14.685859,121.086219,0,0
